"Title","Year Recorded","Year Released","Album name","Record Label","Album type","Track number","Song duration","Songwriter(s)","Lead vocal(s)","acousticness","danceability","energy","instrumentalness","liveness","loudness","speechiness","tempo","valence","popularity","duration_ms","Date","Peak  Pos","WoC","WksNo 1","US Cash","US Rec World","AUS[7][61]","UK[5]","US[6]","GER[10]","NLD[12]","FRA","SWI[59]","CAN","POL","Certification"
"19TH NERVOUS BREAKDOWN",1965,"1966","Got Live If You Want It!","ABKCO Records / Universal","Live","8","03:31","Jagger/Richards","Jagger",0.009355,0.311,0.912,1.3e-06,0.909,-7.0005,0.06125,105.332,0.5135,8.5,210833,"/ ","/ ","/ ","/ ","1","2","__","2","2","1","2","19","—","9","__",""
"100 YEARS AGO",1972,"1973","Goats Head Soup","Interscope / Polydor","Studio","2","03:58","Jagger/Richards","Jagger",0.243,0.631,0.455,6.51e-05,0.141,-9.942,0.0251,101.881,0.631,32.25,182853,"/ ","/ ","/ ","/ ","__","__","__","__","__","__","__","__","__","__","__","__"
"2000 LIGHT YEARS FROM HOME",1967,"1967","Their Satanic Majesties Request","ABKCO Records","Studio","9","04:45","Jagger/Richards","Jagger",0.243,0.631,0.455,6.51e-05,0.141,-9.942,0.0251,101.881,0.631,NA,182853,"/ ","/ ","/ ","/ ","—","—","__","—","—","5","3","—","—","—","__",""
"2000 MAN",1967,"1967","Their Satanic Majesties Request","ABKCO Records","Studio","4","03:07","Jagger/Richards","Jagger",0.243,0.631,0.455,6.51e-05,0.141,-9.942,0.0251,101.881,0.631,24.3333333333333,182853,"/ ","/ ","/ ","/ ","__","__","__","__","__","__","__","__","__","__","__","__"
"2120 SOUTH MICHIGAN AVENUE",1964,"1964","12 X 5","ABKCO Records","Studio","7","03:39","Nanker Phelge[a]","instrumental",0.243,0.631,0.455,6.51e-05,0.141,-9.942,0.0251,101.881,0.631,15.6666666666667,182853,"/ ","/ ","/ ","/ ","__","__","__","__","__","__","__","__","__","__","__","__"
"AFTERMATH",1965,NA,"bootleg recording/outtake","/","/","/","/","Nanker Phelge[a]","Jagger",NA,NA,NA,NA,NA,NA,NA,NA,NA,NA,NA,"/ ","/ ","/ ","/ ","__","__","__","__","__","__","__","__","__","__","__","__"
"AIN'T TOO PROUD TO BEG",1973,"1974","It's Only Rock 'n' Roll","Virgin",NA,"2","03:30","Norman Whitfield/Eddie Holland","Jagger",0.243,0.631,0.455,6.51e-05,0.141,-9.942,0.0251,101.881,0.631,NA,182853,"/ ","/ ","/ ","/ ","15","23","__","—","17","—","—","11","—","14","__",""
"ALL ABOUT YOU",1979,"1980","Emotional Rescue","Universal","Studio","10","04:17","Jagger/Richards","Richards",0.243,0.631,0.455,6.51e-05,0.141,-9.942,0.0251,101.881,0.631,21.5,182853,"/ ","/ ","/ ","/ ","__","__","__","__","__","__","__","__","__","__","__","__"
"ALL DOWN THE LINE",1972,"1972","Exile on Main St.","Virgin","Studio","15","03:50","Jagger/Richards","Jagger",0.243,0.631,0.455,6.51e-05,0.141,-9.942,0.0251,101.881,0.631,NA,182853,"/ ","/ ","/ ","/ ","77","—","__","—","—","—","—","—","—","—","__",""
"ALL OF YOUR LOVE",2015,"2016","Blue & Lonesome","Interscope / Polydor","Studio","4","04:46","Magic Sam","Jagger",0.243,0.631,0.455,6.51e-05,0.141,-9.942,0.0251,101.881,0.631,NA,182853,"/ ","/ ","/ ","/ ","__","__","__","__","__","__","__","__","__","__","__","__"
"ALL SOLD OUT",1966,"1967","Between the Buttons","ABKCO Records","Studio","7","02:18","Jagger/Richards","Jagger",0.243,0.631,0.455,6.51e-05,0.141,-9.942,0.0251,101.881,0.631,10.25,182853,"/ ","/ ","/ ","/ ","__","__","__","__","__","__","__","__","__","__","__","__"
"ALL THE WAY DOWN",1982,"1983","Undercover","Universal","Studio","9","03:14","Jagger/Richards","Jagger",0.243,0.631,0.455,6.51e-05,0.141,-9.942,0.0251,101.881,0.631,NA,182853,"/ ","/ ","/ ","/ ","__","__","__","__","__","__","__","__","__","__","__","__"
"ALMOST HEAR YOU SIGH",1989,"1989","Steel Wheels","Virgin","Studio","9","04:37","Jagger/Richards/Jordan","Jagger",0.243,0.631,0.455,6.51e-05,0.141,-9.942,0.0251,101.881,0.631,34.5,182853,"30.06. 1990","31","05","00","__","__","—","31","50","58","11","—","—","14","5",""
"ALREADY OVER ME",1997,"1997","Bridges to Babylon","Virgin","Studio","4","05:24","Jagger/Richards","Jagger",0.243,0.631,0.455,6.51e-05,0.141,-9.942,0.0251,101.881,0.631,25,182853,"/ ","/ ","/ ","/ ","__","__","__","__","__","__","__","__","__","__","__","__"
"ALWAYS SUFFERING",1997,"1997","Bridges to Babylon","Virgin","Studio","10","04:43","Jagger/Richards","Jagger",0.243,0.631,0.455,6.51e-05,0.141,-9.942,0.0251,101.881,0.631,22,182853,"/ ","/ ","/ ","/ ","__","__","__","__","__","__","__","__","__","__","__","__"
"AND MR. SPECTOR AND MR. PITNEY CAME TOO",1964,NA,"bootleg recording/outtake","/","/","/","/","Nanker Phelge[a]/Phil Spector","instrumental",NA,NA,NA,NA,NA,NA,NA,NA,NA,NA,NA,"/ ","/ ","/ ","/ ","__","__","__","__","__","__","__","__","__","__","__","__"
"ANDREW'S BLUES (SONG FOR ANDREW)",1964,NA,"bootleg recording/outtake","/","/","/","/","Nanker Phelge","Gene Pitney",NA,NA,NA,NA,NA,NA,NA,NA,NA,NA,NA,"/ ","/ ","/ ","/ ","__","__","__","__","__","__","__","__","__","__","__","__"
"ANGIE",1972,"1973","Goats Head Soup","Interscope / Polydor","Studio","5","04:32","Jagger/Richards","Jagger",0.243,0.631,0.455,6.51e-05,0.141,-9.942,0.0251,101.881,0.631,27.6666666666667,182853,"01.09. 1973","05","10","00","1","1","__","5","1","2","1","1","1","1","__","RIAA: Gold[60]
ITA: Gold
UK: Silver[17]"
"ANYBODY SEEN MY BABY?",1997,"1997","Bridges to Babylon","Virgin","Studio","2","04:31","Jagger/Richards/Lang/Mink","Jagger",0.243,0.631,0.455,6.51e-05,0.141,-9.942,0.0251,101.881,0.631,44.3333333333333,182853,"04.10. 1997","22","03","00","__","__","__","22","—","24","25","—","26","1","1","__"
"ANYWAY YOU LOOK AT IT",1997,"1998","B-side of ""Saint of Me""Rarities 1971–2003",NA,NA,NA,NA,"Jagger/Richards","Jagger",NA,NA,NA,NA,NA,NA,NA,NA,NA,NA,NA,"/ ","/ ","/ ","/ ","__","__","__","__","__","__","__","__","__","__","__","__"
"AROUND AND AROUND",1964,"1964","12 X 5","ABKCO Records","Studio","1","03:04","Chuck Berry","Jagger",0.243,0.631,0.455,6.51e-05,0.141,-9.942,0.0251,101.881,0.631,NA,182853,"/ ","/ ","/ ","/ ","__","__","__","__","__","__","__","__","__","__","__","__"
"AS TEARS GO BY",1965,"1965","December's Children (And Everybody's)","ABKCO Records","Studio","9","02:46","Jagger/Richards/Loog Oldham","Jagger",0.243,0.631,0.455,6.51e-05,0.141,-9.942,0.0251,101.881,0.631,38.5,182853,"/ ","/ ","/ ","/ ","3","6","__","—","6","8","—","22","—","1","__",""
"BABY BREAK IT DOWN",1994,"1994","Voodoo Lounge","Virgin","Studio","13","04:09","Jagger/Richards","Jagger",0.243,0.631,0.455,6.51e-05,0.141,-9.942,0.0251,101.881,0.631,27,182853,"/ ","/ ","/ ","/ ","__","__","__","__","__","__","__","__","__","__","__","__"
"BACK OF MY HAND",2004,"2005","A Bigger Bang","Virgin","Studio","6","03:32","Jagger/Richards","Jagger",0.243,0.631,0.455,6.51e-05,0.141,-9.942,0.0251,101.881,0.631,NA,182853,"/ ","/ ","/ ","/ ","__","__","__","__","__","__","__","__","__","__","__","__"
"BACK STREET GIRL",1966,"1967","Flowers","ABKCO Records",NA,"7","03:26","Jagger/Richards","Jagger",0.243,0.631,0.455,6.51e-05,0.141,-9.942,0.0251,101.881,0.631,15.25,182853,"/ ","/ ","/ ","/ ","__","__","__","__","__","__","__","__","__","__","__","__"
"BACK TO ZERO",1985,"1986","Dirty Work","Virgin","Studio","7","04:00","Jagger/Richards/Leavell","Jagger",0.243,0.631,0.455,6.51e-05,0.141,-9.942,0.0251,101.881,0.631,NA,182853,"/ ","/ ","/ ","/ ","__","__","__","__","__","__","__","__","__","__","__","__"
"BEAST OF BURDEN",1977,"1978","Some Girls","Universal","Studio","9","04:25","Jagger/Richards","Jagger",0.243,0.631,0.455,6.51e-05,0.141,-9.942,0.0251,101.881,0.631,NA,182853,"/ ","/ ","/ ","/ ","7","11","__","—","8","—","—","—","—","9","__",""
"BEFORE THEY MAKE ME RUN",1978,"1978","Some Girls","Universal","Studio","8","03:24","Jagger/Richards","Richards",0.243,0.631,0.455,6.51e-05,0.141,-9.942,0.0251,101.881,0.631,18.1428571428571,182853,"/ ","/ ","/ ","/ ","__","__","__","__","__","__","__","__","__","__","__","__"
"BIGGEST MISTAKE",2004,"2005","A Bigger Bang","Virgin","Studio","8","04:06","Jagger/Richards","Jagger",0.243,0.631,0.455,6.51e-05,0.141,-9.942,0.0251,101.881,0.631,26,182853,"02.09. 2006","51","02","00","__","__","__","51","—","94","77","—","—","","—","__"
"BITCH",1970,"1971","Sticky Fingers","Virgin","Studio","6","03:37","Jagger/Richards","Jagger",0.243,0.631,0.455,6.51e-05,0.141,-9.942,0.0251,101.881,0.631,23,182853,"/ ","/ ","/ ","/ ","__","__","__","__","__","__","__","__","__","__","__","__"
"BLACK LIMOUSINE",1980,"1981","Tattoo You","Virgin","Studio","5","03:33","Jagger/Richards/Wood","Jagger",0.243,0.631,0.455,6.51e-05,0.141,-9.942,0.0251,101.881,0.631,20.5,182853,"/ ","/ ","/ ","/ ","__","__","__","__","__","__","__","__","__","__","__","__"
"BLINDED BY LOVE",1989,"1989","Steel Wheels","Virgin","Studio","6","04:36","Jagger/Richards","Jagger",0.243,0.631,0.455,6.51e-05,0.141,-9.942,0.0251,101.881,0.631,NA,182853,"/ ","/ ","/ ","/ ","__","__","__","__","__","__","__","__","__","__","__","__"
"BLINDED BY RAINBOWS",1994,"1994","Voodoo Lounge","Virgin","Studio","12","04:33","Jagger/Richards","Jagger",0.243,0.631,0.455,6.51e-05,0.141,-9.942,0.0251,101.881,0.631,NA,182853,"/ ","/ ","/ ","/ ","__","__","__","__","__","__","__","__","__","__","__","__"
"BLOOD RED WINE",1968,NA,"bootleg recording/outtake","/","/","/","/","Jagger/Richards","Jagger",NA,NA,NA,NA,NA,NA,NA,NA,NA,NA,NA,"/ ","/ ","/ ","/ ","__","__","__","__","__","__","__","__","__","__","__","__"
"BLUE AND LONESOME",2015,"2016","Blue & Lonesome","Interscope / Polydor","Studio","3","03:07","Memphis Slim","Jagger",0.243,0.631,0.455,6.51e-05,0.141,-9.942,0.0251,101.881,0.631,NA,182853,"/ ","/ ","/ ","/ ","__","__","__","__","__","__","__","__","__","__","__","__"
"BLUE TURNS TO GREY",1965,"1965","December's Children (And Everybody's)","ABKCO Records","Studio","11","02:29","Jagger/Richards","Jagger",0.243,0.631,0.455,6.51e-05,0.141,-9.942,0.0251,101.881,0.631,NA,182853,"/ ","/ ","/ ","/ ","__","__","__","__","__","__","__","__","__","__","__","__"
"BRAND NEW CAR",1994,"1994","Voodoo Lounge","Virgin","Studio","9","04:15","Jagger/Richards","Jagger",0.243,0.631,0.455,6.51e-05,0.141,-9.942,0.0251,101.881,0.631,29,182853,"/ ","/ ","/ ","/ ","__","__","__","__","__","__","__","__","__","__","__","__"
"BREAK THE SPELL",1989,"1989","Steel Wheels","Virgin","Studio","11","03:07","Jagger/Richards","Jagger",0.243,0.631,0.455,6.51e-05,0.141,-9.942,0.0251,101.881,0.631,NA,182853,"/ ","/ ","/ ","/ ","__","__","__","__","__","__","__","__","__","__","__","__"
"BROWN SUGAR",1969,"1971","Sticky Fingers","Virgin","Studio","1","03:49","Jagger/Richards","Jagger",0.243,0.631,0.455,6.51e-05,0.141,-9.942,0.0251,101.881,0.631,20.2258064516129,182853,"14.07. 1984","58","04","00","2","1","__","2","1","4","1","2","1","1","__","UK: Gold[17]"
"BYE BYE JOHNNY",1963,"1964","The Rolling Stones (EP) (UK)More Hot Rocks (Big Hits & Fazed Cookies) (US)",NA,NA,NA,NA,"Chuck Berry","Jagger",0.00523,0.367,0.872,1.31e-05,0.9,-5.331,0.0725,76.626,0.616,21,271853,"/ ","/ ","/ ","/ ","__","__","__","__","__","__","__","__","__","__","__","__"
"CAN I GET A WITNESS",1964,"1964","The Rolling Stones (UK)England's Newest Hit Makers (US)",NA,NA,NA,NA,"Holland/Dozier/Holland","Jagger",0.243,0.631,0.455,6.51e-05,0.141,-9.942,0.0251,101.881,0.631,NA,182853,"/ ","/ ","/ ","/ ","__","__","__","__","__","__","__","__","__","__","__","__"
"CAN YOU HEAR THE MUSIC",1973,"1973","Goats Head Soup","Interscope / Polydor","Studio","9","05:31","Jagger/Richards","Jagger",0.243,0.631,0.455,6.51e-05,0.141,-9.942,0.0251,101.881,0.631,NA,182853,"/ ","/ ","/ ","/ ","__","__","__","__","__","__","__","__","__","__","__","__"
"CAN'T BE SEEN",1989,"1989","Flashpoint","Virgin","Live","9","04:17","Jagger/Richards","Richards",0.243,0.631,0.455,6.51e-05,0.141,-9.942,0.0251,101.881,0.631,18.75,182853,"/ ","/ ","/ ","/ ","__","__","__","__","__","__","__","__","__","__","__","__"
"CAN'T YOU HEAR ME KNOCKING",1970,"1971","Sticky Fingers","Virgin","Studio","4","07:16","Jagger/Richards","Jagger",0.243,0.631,0.455,6.51e-05,0.141,-9.942,0.0251,101.881,0.631,29.1111111111111,182853,"/ ","/ ","/ ","/ ","__","__","__","__","__","__","__","__","__","__","__","__"
"CAROL",1964,"1964","Get Yer Ya-Ya's Out!","ABKCO Records","Live","2","03:46","Chuck Berry","Jagger",0.243,0.631,0.455,6.51e-05,0.141,-9.942,0.0251,101.881,0.631,19,182853,"/ ","/ ","/ ","/ ","—","—","__","—","—","—","—","9","—","—","__",""
"CASINO BOOGIE",1971,"1972","Exile on Main St.","Virgin","Studio","4","03:34","Jagger/Richards","Jagger, Richards",0.243,0.631,0.455,6.51e-05,0.141,-9.942,0.0251,101.881,0.631,24.6666666666667,182853,"/ ","/ ","/ ","/ ","__","__","__","__","__","__","__","__","__","__","__","__"
"CHAMPAGNE AND REEFER (LIVE)",2006,"2008","Shine a Light","Interscope","Live","10","05:58","Muddy Waters","Jagger",NA,NA,NA,NA,NA,NA,NA,NA,NA,NA,NA,"/ ","/ ","/ ","/ ","__","__","__","__","__","__","__","__","__","__","__","__"
"CHERRY OH BABY",1975,"1976","Black and Blue","Virgin","Studio","3","03:56","Eric Donaldson","Jagger",0.243,0.631,0.455,6.51e-05,0.141,-9.942,0.0251,101.881,0.631,27,182853,"/ ","/ ","/ ","/ ","__","__","__","__","__","__","__","__","__","__","__","__"
"CHILD OF THE MOON",1968,"1968","More Hot Rocks (Big Hits & Fazed Cookies)",NA,NA,NA,NA,"Jagger/Richards","Jagger",NA,NA,NA,NA,NA,NA,NA,NA,NA,NA,NA,"/ ","/ ","/ ","/ ","__","__","__","__","__","__","__","__","__","__","__","__"
"CITADEL",1967,"1967","Their Satanic Majesties Request","ABKCO Records","Studio","2","02:50","Jagger/Richards","Jagger",0.243,0.631,0.455,6.51e-05,0.141,-9.942,0.0251,101.881,0.631,23.6666666666667,182853,"/ ","/ ","/ ","/ ","__","__","__","__","__","__","__","__","__","__","__","__"
"COME ON",1963,"1963","Big Hits (High Tide and Green Grass) (UK) More Hot Rocks (Big Hits & Fazed Cookies) (US)",NA,NA,NA,NA,"Chuck Berry","Jagger",0.0156,0.403,0.643,1.24e-05,0.266,-10.393,0.0424,170.037,0.847,14,122986,"31.07. 1963","21","14","00","—","—","__","21","—","—","—","—","—","—","__",""
"COMING DOWN AGAIN",1972,"1973","Goats Head Soup","Interscope / Polydor","Studio","3","05:54","Jagger/Richards","Richards",0.243,0.631,0.455,6.51e-05,0.141,-9.942,0.0251,101.881,0.631,23.6666666666667,182853,"/ ","/ ","/ ","/ ","__","__","__","__","__","__","__","__","__","__","__","__"
"COMMIT A CRIME",2015,"2016","Blue & Lonesome","Interscope / Polydor","Studio","2","03:38","Howlin' Wolf","Jagger",0.243,0.631,0.455,6.51e-05,0.141,-9.942,0.0251,101.881,0.631,NA,182853,"/ ","/ ","/ ","/ ","__","__","__","__","__","__","__","__","__","__","__","__"
"COMPLICATED",1966,"1967","Between the Buttons","ABKCO Records","Studio","10","03:16","Jagger/Richards","Jagger",0.243,0.631,0.455,6.51e-05,0.141,-9.942,0.0251,101.881,0.631,11.75,182853,"/ ","/ ","/ ","/ ","__","__","__","__","__","__","__","__","__","__","__","__"
"CONFESSIN' THE BLUES",1964,"1964","12 X 5","ABKCO Records","Studio","2","02:48","Jay McShann/Walter Brown","Jagger",0.243,0.631,0.455,6.51e-05,0.141,-9.942,0.0251,101.881,0.631,NA,182853,"/ ","/ ","/ ","/ ","__","__","__","__","__","__","__","__","__","__","__","__"
"CONGRATULATIONS",1964,"1964","12 X 5","ABKCO Records","Studio","9","02:29","Jagger/Richards","Jagger",0.243,0.631,0.455,6.51e-05,0.141,-9.942,0.0251,101.881,0.631,15.5,182853,"/ ","/ ","/ ","/ ","__","__","__","__","__","__","__","__","__","__","__","__"
"CONNECTION",1966,"1967","Between the Buttons","ABKCO Records","Studio","4","02:10","Jagger/Richards","Jagger, Richards",0.243,0.631,0.455,6.51e-05,0.141,-9.942,0.0251,101.881,0.631,12.7142857142857,182853,"/ ","/ ","/ ","/ ","__","__","__","__","__","__","__","__","__","__","__","__"
"CONTINENTAL DRIFT",1989,"1989","Flashpoint","Virgin","Live","1","00:28","Jagger/Richards","Jagger",0.243,0.631,0.455,6.51e-05,0.141,-9.942,0.0251,101.881,0.631,9.25,182853,"/ ","/ ","/ ","/ ","__","__","__","__","__","__","__","__","__","__","__","__"
"COOK COOK BLUES",1989,"1989","The Singles 1971–2006",NA,NA,NA,NA,"Jagger/Richards","Jagger",NA,NA,NA,NA,NA,NA,NA,NA,NA,NA,NA,"/ ","/ ","/ ","/ ","__","__","__","__","__","__","__","__","__","__","__","__"
"COOL, CALM & COLLECTED",1966,"1967","Between the Buttons","ABKCO Records","Studio","6","04:19","Jagger/Richards","Jagger",NA,NA,NA,NA,NA,NA,NA,NA,NA,NA,NA,"/ ","/ ","/ ","/ ","__","__","__","__","__","__","__","__","__","__","__","__"
"CORINNA (LIVE)",1997,"1998","No Security","Virgin","Live",NA,NA,"Taj Mahal/Jesse Ed Davis III","Jagger, Taj Mahal",NA,NA,NA,NA,NA,NA,NA,NA,NA,NA,NA,"/ ","/ ","/ ","/ ","__","__","__","__","__","__","__","__","__","__","__","__"
"COUNTRY HONK",1969,"1969","Let It Bleed","ABKCO Records","Studio","3","03:07","Jagger/Richards","Jagger",0.243,0.631,0.455,6.51e-05,0.141,-9.942,0.0251,101.881,0.631,29,182853,"/ ","/ ","/ ","/ ","__","__","__","__","__","__","__","__","__","__","__","__"
"CRACKIN' UP (LIVE)",1977,"1977","Love You Live","Virgin","Live",NA,NA,"Bo Diddley","Jagger",NA,NA,NA,NA,NA,NA,NA,NA,NA,NA,NA,"/ ","/ ","/ ","/ ","__","__","__","__","__","__","__","__","__","__","__","__"
"CRAZY MAMA",1975,"1976","Black and Blue","Virgin","Studio","8","04:35","Jagger/Richards","Jagger",0.243,0.631,0.455,6.51e-05,0.141,-9.942,0.0251,101.881,0.631,26,182853,"/ ","/ ","/ ","/ ","__","__","__","__","__","__","__","__","__","__","__","__"
"CRUSHED PEARL",1985,NA,"bootleg recording/outtake","/","/","/","/","Jagger/Richards","Richards",NA,NA,NA,NA,NA,NA,NA,NA,NA,NA,NA,"/ ","/ ","/ ","/ ","__","__","__","__","__","__","__","__","__","__","__","__"
"CRY TO ME",1965,"1965","Out of Our Heads","ABKCO Records","Studio","8","03:09","Bert Berns","Jagger",0.243,0.631,0.455,6.51e-05,0.141,-9.942,0.0251,101.881,0.631,NA,182853,"/ ","/ ","/ ","/ ","__","__","__","__","__","__","__","__","__","__","__","__"
"DANCE (PT. 1)",1979,"1980","Emotional Rescue","Universal","Studio","1","04:23","Jagger/Richards/Wood","Jagger",0.333,0.748,0.834,0.518,0.0582,-8.281,0.033,107.428,0.925,19,263200,"/ ","/ ","/ ","/ ","__","__","__","__","__","__","__","__","__","__","__","__"
"DANCE LITTLE SISTER",1974,"1974","It's Only Rock 'n' Roll","Virgin",NA,"7","04:11","Jagger/Richards","Jagger",0.243,0.631,0.455,6.51e-05,0.141,-9.942,0.0251,101.881,0.631,29,182853,"/ ","/ ","/ ","/ ","—","—","__","—","—","—","—","19","—","—","__",""
"DANCING WITH MR. D",1972,"1973","Goats Head Soup","Interscope / Polydor","Studio","1","04:52","Jagger/Richards","Jagger",0.562,0.564,0.924,0.649,0.403,-3.585,0.0345,106.022,0.903,NA,292360,"/ ","/ ","/ ","/ ","__","__","__","__","__","__","__","__","__","__","__","__"
"DEAD FLOWERS",1969,"1971","Sticky Fingers","Virgin","Studio","9","04:05","Jagger/Richards","Jagger",0.243,0.631,0.455,6.51e-05,0.141,-9.942,0.0251,101.881,0.631,23,182853,"/ ","/ ","/ ","/ ","__","__","__","__","__","__","__","__","__","__","__","__"
"DEAR DOCTOR",1968,"1968","Beggars Banquet","ABKCO Records","Studio","3","03:22","Jagger/Richards","Jagger",0.243,0.631,0.455,6.51e-05,0.141,-9.942,0.0251,101.881,0.631,22.5,182853,"/ ","/ ","/ ","/ ","__","__","__","__","__","__","__","__","__","__","__","__"
"DEEP LOVE",1985,NA,"bootleg recording/outtake","/","/","/","/","Jagger/Richards","Richards",NA,NA,NA,NA,NA,NA,NA,NA,NA,NA,NA,"/ ","/ ","/ ","/ ","__","__","__","__","__","__","__","__","__","__","__","__"
"DIRTY WORK",1985,"1986","Dirty Work","Virgin","Studio","8","03:53","Jagger/Richards/Wood","Jagger",0.243,0.631,0.455,6.51e-05,0.141,-9.942,0.0251,101.881,0.631,18,182853,"/ ","/ ","/ ","/ ","__","__","__","__","__","__","__","__","__","__","__","__"
"DONCHA BOTHER ME",1965,"1966","Aftermath","ABKCO Records","Studio","5","02:34","Jagger/Richards","Jagger",0.243,0.631,0.455,6.51e-05,0.141,-9.942,0.0251,101.881,0.631,20,182853,"/ ","/ ","/ ","/ ","__","__","__","__","__","__","__","__","__","__","__","__"
"DON'T YOU LIE TO ME",1964,"1975","Metamorphosis",NA,"Compilation",NA,NA,"Tampa Red","Jagger",NA,NA,NA,NA,NA,NA,NA,NA,NA,NA,NA,"/ ","/ ","/ ","/ ","__","__","__","__","__","__","__","__","__","__","__","__"
"DOO DOO DOO DOO DOO (HEARTBREAKER)",1972,"1973","Goats Head Soup","Interscope / Polydor","Studio","4","03:26","Jagger/Richards","Jagger",0.243,0.631,0.455,6.51e-05,0.141,-9.942,0.0251,101.881,0.631,25.25,182853,"/ ","/ ","/ ","/ ","10","11","__","—","15","—","—","—","—","5","__",""
"DOWN HOME GIRL",1964,"1965","The Rolling Stones, Now!","ABKCO Records","Studio","2","04:13","Jerry Leiber/Artie Butler","Jagger",0.243,0.631,0.455,6.51e-05,0.141,-9.942,0.0251,101.881,0.631,17.3333333333333,182853,"/ ","/ ","/ ","/ ","__","__","__","__","__","__","__","__","__","__","__","__"
"DOWN IN THE HOLE",1979,"1980","Emotional Rescue","Universal","Studio","7","03:58","Jagger/Richards","Jagger",0.243,0.631,0.455,6.51e-05,0.141,-9.942,0.0251,101.881,0.631,NA,182853,"/ ","/ ","/ ","/ ","__","__","__","__","__","__","__","__","__","__","__","__"
"DOWN THE ROAD A PIECE",1964,"1965","The Rolling Stones, Now!","ABKCO Records","Studio","7","02:56","Don Raye","Jagger",NA,NA,NA,NA,NA,NA,NA,NA,NA,NA,NA,"/ ","/ ","/ ","/ ","__","__","__","__","__","__","__","__","__","__","__","__"
"DOWNTOWN SUZIE",1968,"1975","Metamorphosis",NA,"Compilation",NA,NA,"Bill Wyman","Jagger",0.359,0.512,0.575,0,0.174,-8.118,0.0394,117.475,0.458,NA,232067,"/ ","/ ","/ ","/ ","__","__","__","__","__","__","__","__","__","__","__","__"
"DRIVING TOO FAST",2005,"2005","A Bigger Bang","Virgin","Studio","15","03:56","Jagger/Richards","Jagger",0.243,0.631,0.455,6.51e-05,0.141,-9.942,0.0251,101.881,0.631,21,182853,"/ ","/ ","/ ","/ ","__","__","__","__","__","__","__","__","__","__","__","__"
"EACH AND EVERYDAY OF THE YEAR",1964,"1975","Metamorphosis",NA,"Compilation",NA,NA,"Jagger/Richards","Jagger",NA,NA,NA,NA,NA,NA,NA,NA,NA,NA,NA,"/ ","/ ","/ ","/ ","__","__","__","__","__","__","__","__","__","__","__","__"
"EMOTIONAL RESCUE",1979,"1980","Emotional Rescue","Universal","Studio","8","05:39","Jagger/Richards","Jagger",0.243,0.631,0.455,6.51e-05,0.141,-9.942,0.0251,101.881,0.631,35.6666666666667,182853,"05.07. 1980","09","08","00","__","__","8","9","3","15","5","15","11","1","—",""
"EMPTY HEART",1964,"1964","12 X 5","ABKCO Records","Studio","3","02:38","Nanker Phelge[a]","Jagger",0.243,0.631,0.455,6.51e-05,0.141,-9.942,0.0251,101.881,0.631,14,182853,"/ ","/ ","/ ","/ ","__","__","__","__","__","__","__","__","__","__","__","__"
"EVERYBODY KNOWS ABOUT MY GOOD THING",2015,"2016","Blue & Lonesome","Interscope / Polydor","Studio","6","04:30","Miles Grayson/Lermon Horton","Jagger",0.243,0.631,0.455,6.51e-05,0.141,-9.942,0.0251,101.881,0.631,31,182853,"/ ","/ ","/ ","/ ","__","__","__","__","__","__","__","__","__","__","__","__"
"EVERYBODY NEEDS SOMEBODY TO LOVE",1964,"1965","The Rolling Stones, Now!","ABKCO Records","Studio","1","03:00","Jerry Wexler/Bert Berns/Solomon Burke","Jagger",0.243,0.631,0.455,6.51e-05,0.141,-9.942,0.0251,101.881,0.631,NA,182853,"/ ","/ ","/ ","/ ","__","__","__","__","__","__","__","__","__","__","__","__"
"EVERYTHING IS TURNING TO GOLD",1978,"1981","Sucking in the Seventies",NA,"Compilation",NA,NA,"Jagger/Richards/Wood","Jagger",NA,NA,NA,NA,NA,NA,NA,NA,NA,NA,NA,"/ ","/ ","/ ","/ ","__","__","__","__","__","__","__","__","__","__","__","__"
"EXILE ON MAIN STREET BLUES",1972,"1972","promotional song",NA,NA,NA,NA,"Jagger/Richards","Jagger",NA,NA,NA,NA,NA,NA,NA,NA,NA,NA,NA,"/ ","/ ","/ ","/ ","__","__","__","__","__","__","__","__","__","__","__","__"
"FACTORY GIRL",1968,"1968","Beggars Banquet","ABKCO Records","Studio","9","02:09","Jagger/Richards","Jagger",0.243,0.631,0.455,6.51e-05,0.141,-9.942,0.0251,101.881,0.631,18.25,182853,"/ ","/ ","/ ","/ ","__","__","__","__","__","__","__","__","__","__","__","__"
"FAMILY",1968,"1975","Metamorphosis",NA,"Compilation",NA,NA,"Jagger/Richards","Jagger",NA,NA,NA,NA,NA,NA,NA,NA,NA,NA,NA,"/ ","/ ","/ ","/ ","__","__","__","__","__","__","__","__","__","__","__","__"
"FANCYMAN BLUES",1989,"1989","The Singles 1971–2006",NA,NA,NA,NA,"Jagger/Richards","Jagger",NA,NA,NA,NA,NA,NA,NA,NA,NA,NA,NA,"/ ","/ ","/ ","/ ","__","__","__","__","__","__","__","__","__","__","__","__"
"FAR AWAY EYES",1977,"1978","Shine a Light","Interscope","Live","9","04:37","Jagger/Richards","Jagger",0.243,0.631,0.455,6.51e-05,0.141,-9.942,0.0251,101.881,0.631,27.75,182853,"/ ","/ ","/ ","/ ","__","__","__","__","__","__","__","__","__","__","__","__"
"FEEL ON BABY",1983,"1983","Undercover","Universal","Studio","5","05:06","Jagger/Richards","Jagger",0.243,0.631,0.455,6.51e-05,0.141,-9.942,0.0251,101.881,0.631,16,182853,"/ ","/ ","/ ","/ ","__","__","__","__","__","__","__","__","__","__","__","__"
"FIGHT",1985,"1986","Dirty Work","Virgin","Studio","2","03:10","Jagger/Richards/Wood","Jagger",0.243,0.631,0.455,6.51e-05,0.141,-9.942,0.0251,101.881,0.631,17,182853,"/ ","/ ","/ ","/ ","__","__","__","__","__","__","__","__","__","__","__","__"
"FIJI GIN",1978,NA,"bootleg recording/outtake","/","/","/","/","Jagger/Richards","Jagger",NA,NA,NA,NA,NA,NA,NA,NA,NA,NA,NA,"/ ","/ ","/ ","/ ","__","__","__","__","__","__","__","__","__","__","__","__"
"FINGERPRINT FILE",1974,"1974","It's Only Rock 'n' Roll","Virgin",NA,"10","06:33","Jagger/Richards","Jagger",0.243,0.631,0.455,6.51e-05,0.141,-9.942,0.0251,101.881,0.631,20.75,182853,"/ ","/ ","/ ","/ ","__","__","__","__","__","__","__","__","__","__","__","__"
"FLIGHT 505",1965,"1966","Aftermath","ABKCO Records","Studio","7","03:25","Jagger/Richards","Jagger",0.243,0.631,0.455,6.51e-05,0.141,-9.942,0.0251,101.881,0.631,19.3333333333333,182853,"/ ","/ ","/ ","/ ","__","__","__","__","__","__","__","__","__","__","__","__"
"FLIP THE SWITCH",1997,"1997","No Security","Virgin","Live","4","04:12","Jagger/Richards","Jagger",0.243,0.631,0.455,6.51e-05,0.141,-9.942,0.0251,101.881,0.631,NA,182853,"/ ","/ ","/ ","/ ","__","__","__","—","—","—","—","—","—","26","—","__"
"FOOL TO CRY",1974,"1976","Black and Blue","Virgin","Studio","7","05:06","Jagger/Richards","Jagger",0.243,0.631,0.455,6.51e-05,0.141,-9.942,0.0251,101.881,0.631,NA,182853,"01.05. 1976","06","10","00","9","23","__","6","10","—","8","2","—","11","__",""
"FORTUNE TELLER",1963,"1966","Got Live If You Want It!","ABKCO Records / Universal","Live","6","01:57","Allen Toussaint (under the pseudonym Naomi Neville)","Jagger",0.003885,0.3325,0.9905,1.55e-05,0.2045,-7.3575,0.145,173.877,0.27,7,116926.5,"/ ","/ ","/ ","/ ","—","—","__","—","—","—","—","—","—","—","__",""
"GET OFF OF MY CLOUD",1965,"1965","Got Live If You Want It!","ABKCO Records / Universal","Live","2","02:54","Jagger/Richards","Jagger",0.243,0.631,0.455,6.51e-05,0.141,-9.942,0.0251,101.881,0.631,8.5,182853,"03.11. 1965","01","12","03","1","2","__","1","1","1","3","7","—","1","__",""
"GET UP, STAND UP (LIVE)",2005,"2012","Light the Fuse",NA,NA,NA,NA,"Bob Marley/Peter Tosh","Jagger",NA,NA,NA,NA,NA,NA,NA,NA,NA,NA,NA,"/ ","/ ","/ ","/ ","__","__","__","__","__","__","__","__","__","__","__","__"
"GIMME SHELTER",1969,"1969","Rolling Stones Chronicles",NA,NA,"6","04:30","Jagger/Richards","Jagger, Merry Clayton",0.243,0.631,0.455,6.51e-05,0.141,-9.942,0.0251,101.881,0.631,29.9285714285714,182853,"20.11. 2010","76","02","00","__","__","__","__","__","__","__","__","__","__","__","__"
"GODZI",1965,NA,"bootleg recording/outtake","/","/","/","/","Nanker Phelge[a]","Jagger",NA,NA,NA,NA,NA,NA,NA,NA,NA,NA,NA,"/ ","/ ","/ ","/ ","__","__","__","__","__","__","__","__","__","__","__","__"
"GOING HOME",1965,"1966","Aftermath","ABKCO Records","Studio","11","11:35","Jagger/Richards","Jagger",0.243,0.631,0.455,6.51e-05,0.141,-9.942,0.0251,101.881,0.631,17.3333333333333,182853,"/ ","/ ","/ ","/ ","__","__","__","__","__","__","__","__","__","__","__","__"
"GOING TO A GO-GO (LIVE)",1981,"1982","Still Life","Virgin","Live","6","03:21","Smokey Robinson/Pete Moore/Bobby Rogers/Marvin Tarplin","Jagger",NA,NA,NA,NA,NA,NA,NA,NA,NA,NA,NA,"/ ","/ ","/ ","/ ","__","__","48","26","25","—","3","—","9","4","—",""
"GOMPER",1967,"1967","Their Satanic Majesties Request","ABKCO Records","Studio","8","05:08","Jagger/Richards","Jagger",0.243,0.631,0.455,6.51e-05,0.141,-9.942,0.0251,101.881,0.631,15,182853,"/ ","/ ","/ ","/ ","__","__","__","__","__","__","__","__","__","__","__","__"
"GOOD TIMES",1965,"1965","Out of Our Heads","ABKCO Records","Studio","5","01:59","Sam Cooke","Jagger",0.243,0.631,0.455,6.51e-05,0.141,-9.942,0.0251,101.881,0.631,13.25,182853,"/ ","/ ","/ ","/ ","__","__","__","__","__","__","__","__","__","__","__","__"
"GOOD TIMES, BAD TIMES",1964,"1964","12 X 5","ABKCO Records","Studio","5","02:31","Jagger/Richards","Jagger",0.243,0.631,0.455,6.51e-05,0.141,-9.942,0.0251,101.881,0.631,14.5,182853,"/ ","/ ","/ ","/ ","__","__","__","__","__","__","__","__","__","__","__","__"
"GOODBYE GIRL",1964,NA,"bootleg recording/outtake","/","/","/","/","Wyman","Jagger",NA,NA,NA,NA,NA,NA,NA,NA,NA,NA,NA,"/ ","/ ","/ ","/ ","__","__","__","__","__","__","__","__","__","__","__","__"
"GOTTA GET AWAY",1965,"1965","December's Children (And Everybody's)","ABKCO Records","Studio","10","02:07","Jagger/Richards","Jagger",0.243,0.631,0.455,6.51e-05,0.141,-9.942,0.0251,101.881,0.631,11.25,182853,"/ ","/ ","/ ","/ ","__","__","__","__","__","__","__","__","__","__","__","__"
"GROWN UP WRONG",1964,"1964","The Rolling Stones No.2","Decca","Studio","6","01:50","Jagger/Richards","Jagger",0.243,0.631,0.455,6.51e-05,0.141,-9.942,0.0251,101.881,0.631,15.3333333333333,182853,"/ ","/ ","/ ","/ ","__","__","__","__","__","__","__","__","__","__","__","__"
"GUNFACE",1997,"1997","Bridges to Babylon","Virgin","Studio","5","05:02","Jagger/Richards","Jagger",0.243,0.631,0.455,6.51e-05,0.141,-9.942,0.0251,101.881,0.631,22.5,182853,"/ ","/ ","/ ","/ ","__","__","__","__","__","__","__","__","__","__","__","__"
"HAD IT WITH YOU",1985,"1986","Dirty Work","Virgin","Studio","9","03:20","Jagger/Richards/Wood","Jagger",0.243,0.631,0.455,6.51e-05,0.141,-9.942,0.0251,101.881,0.631,NA,182853,"/ ","/ ","/ ","/ ","__","__","__","__","__","__","__","__","__","__","__","__"
"HAND OF FATE",1974,"1975","Black and Blue","Virgin","Studio","2","04:28","Jagger/Richards","Jagger",0.243,0.631,0.455,6.51e-05,0.141,-9.942,0.0251,101.881,0.631,NA,182853,"/ ","/ ","/ ","/ ","__","__","__","__","__","__","__","__","__","__","__","__"
"HANG FIRE",1981,"1981","Tattoo You","Virgin","Studio","2","02:20","Jagger/Richards","Jagger",0.243,0.631,0.455,6.51e-05,0.141,-9.942,0.0251,101.881,0.631,25.2,182853,"/ ","/ ","/ ","/ ","__","__","99","—","20","—","—","—","—","—","—",""
"HAPPY",1971,"1972","Exile on Main St.","Virgin","Studio","10","03:05","Jagger/Richards","Richards",0.243,0.631,0.455,6.51e-05,0.141,-9.942,0.0251,101.881,0.631,21.3571428571429,182853,"/ ","/ ","/ ","/ ","14","12","__","—","22","—","—","5","—","9","__",""
"HARLEM SHUFFLE",1985,"1986","Dirty Work","Virgin","Studio","3","03:25","Bob Relf/Ernest Nelson","Jagger",0.243,0.631,0.455,6.51e-05,0.141,-9.942,0.0251,101.881,0.631,31,182853,"15.03. 1986","13","08","00","__","__","6","13","5","11","5","28","10","2","24",""
"HATE TO SEE YOU GO",2015,"2016","Blue & Lonesome","Interscope / Polydor","Studio","8","03:20","Little Walter","Jagger",0.243,0.631,0.455,6.51e-05,0.141,-9.942,0.0251,101.881,0.631,NA,182853,"/ ","/ ","/ ","/ ","__","__","__","__","__","__","__","__","__","__","__","__"
"HAVE YOU SEEN YOUR MOTHER, BABY, STANDING IN THE SHADOW?",1966,"1966","Flowers","ABKCO Records",NA,"2","02:35","Jagger/Richards","Jagger",NA,NA,NA,NA,NA,NA,NA,NA,NA,NA,NA,"/ ","/ ","/ ","/ ","4","3","__","5","9","9","3","22","—","8","__",""
"HEART OF STONE",1964,"1964","The Rolling Stones, Now!","ABKCO Records","Studio","4","02:49","Jagger/Richards","Jagger",0.243,0.631,0.455,6.51e-05,0.141,-9.942,0.0251,101.881,0.631,NA,182853,"/ ","/ ","/ ","/ ","16","15","__","—","19","—","6","24","15","—","__",""
"HEARTS FOR SALE",1989,"1989","Steel Wheels","Virgin","Studio","5","04:40","Jagger/Richards","Jagger",0.243,0.631,0.455,6.51e-05,0.141,-9.942,0.0251,101.881,0.631,20.5,182853,"/ ","/ ","/ ","/ ","__","__","__","__","__","__","__","__","__","__","__","__"
"HEAVEN",1981,"1981","Tattoo You","Virgin","Studio","9","04:22","Jagger/Richards","Jagger",0.243,0.631,0.455,6.51e-05,0.141,-9.942,0.0251,101.881,0.631,32,182853,"/ ","/ ","/ ","/ ","__","__","__","__","__","__","__","__","__","__","__","__"
"HEY NEGRITA",1975,"1975","Black and Blue","Virgin","Studio","5","04:59","Jagger/Richards","Jagger",0.243,0.631,0.455,6.51e-05,0.141,-9.942,0.0251,101.881,0.631,27.5,182853,"/ ","/ ","/ ","/ ","__","__","__","__","__","__","__","__","__","__","__","__"
"HIDE YOUR LOVE",1973,"1973","Goats Head Soup","Interscope / Polydor","Studio","7","04:11","Jagger/Richards","Jagger",0.243,0.631,0.455,6.51e-05,0.141,-9.942,0.0251,101.881,0.631,22.5,182853,"/ ","/ ","/ ","/ ","__","__","__","__","__","__","__","__","__","__","__","__"
"HIGH AND DRY",1966,"1966","Aftermath","ABKCO Records","Studio","8","03:06","Jagger/Richards","Jagger",0.243,0.631,0.455,6.51e-05,0.141,-9.942,0.0251,101.881,0.631,NA,182853,"/ ","/ ","/ ","/ ","__","__","__","__","__","__","__","__","__","__","__","__"
"HIGHWAY CHILD",1968,NA,"bootleg recording/outtake","/","/","/","/","Jagger/Richards","Jagger",NA,NA,NA,NA,NA,NA,NA,NA,NA,NA,NA,"/ ","/ ","/ ","/ ","__","__","__","__","__","__","__","__","__","__","__","__"
"HIGHWIRE",1991,"1991","Flashpoint","Virgin","Live","16","04:46","Jagger/Richards","Jagger",0.02105,0.4545,0.9185,0.006295,0.0523,-4.671,0.04405,126.792,0.812,17.5,286053,"30.03. 1991","29","04","00","__","__","54","29","57","27","6","28","14","10","27",""
"HITCH HIKE",1965,"1965","Out of Our Heads","ABKCO Records","Studio","2","02:26","Marvin Gaye/William ""Mickey"" Stevenson/Clarence Paul","Jagger",0.243,0.631,0.455,6.51e-05,0.141,-9.942,0.0251,101.881,0.631,12.25,182853,"/ ","/ ","/ ","/ ","__","__","__","__","__","__","__","__","__","__","__","__"
"HOLD BACK",1985,"1986","Dirty Work","Virgin","Studio","4","03:52","Jagger/Richards","Jagger",0.243,0.631,0.455,6.51e-05,0.141,-9.942,0.0251,101.881,0.631,16,182853,"/ ","/ ","/ ","/ ","__","__","__","__","__","__","__","__","__","__","__","__"
"HOLD ON TO YOUR HAT",1989,"1989","Steel Wheels","Virgin","Studio","4","03:32","Jagger/Richards","Jagger",0.243,0.631,0.455,6.51e-05,0.141,-9.942,0.0251,101.881,0.631,NA,182853,"/ ","/ ","/ ","/ ","__","__","__","__","__","__","__","__","__","__","__","__"
"HONEST I DO",1964,"1964","The Rolling Stones (UK)England's Newest Hit Makers (US)",NA,NA,NA,NA,"Jimmy Reed","Jagger",0.243,0.631,0.455,6.51e-05,0.141,-9.942,0.0251,101.881,0.631,16,182853,"/ ","/ ","/ ","/ ","__","__","__","__","__","__","__","__","__","__","__","__"
"HONEST MAN",1993,NA,"bootleg recording/outtake","/","/","/","/","Jagger/Richards","Jagger",NA,NA,NA,NA,NA,NA,NA,NA,NA,NA,NA,"/ ","/ ","/ ","/ ","__","__","__","__","__","__","__","__","__","__","__","__"
"HONKY TONK WOMEN",1969,"1969","Get Yer Ya-Ya's Out!","ABKCO Records","Live","9","03:34","Jagger/Richards","Jagger",0.243,0.631,0.455,6.51e-05,0.141,-9.942,0.0251,101.881,0.631,18.8,182853,"15.07. 1969","01","17","05","1","1","__","1","1","2","4","13","1","2","__","RIAA: Gold[60]"
"HOO DOO BLUES",2015,"2016","Blue & Lonesome","Interscope / Polydor","Studio","9","02:36","Otis Hicks/Jerry West","Jagger",0.243,0.631,0.455,6.51e-05,0.141,-9.942,0.0251,101.881,0.631,31,182853,"/ ","/ ","/ ","/ ","__","__","__","__","__","__","__","__","__","__","__","__"
"HOT STUFF",1975,"1976","Black and Blue","Virgin","Studio","1","05:21","Jagger/Richards","Jagger",0.243,0.631,0.455,6.51e-05,0.141,-9.942,0.0251,101.881,0.631,23.1666666666667,182853,"/ ","/ ","/ ","/ ","60","","__","—","49","—","—","—","—","—","__",""
"HOUND DOG",1978,NA,"bootleg recording/outtake","/","/","/","/","Jerry Leiber/Mike Stoller","Jagger",NA,NA,NA,NA,NA,NA,NA,NA,NA,NA,NA,"/ ","/ ","/ ","/ ","__","__","__","__","__","__","__","__","__","__","__","__"
"HOW CAN I STOP",1997,"1997","Bridges to Babylon","Virgin","Studio","13","06:53","Jagger/Richards","Richards",0.243,0.631,0.455,6.51e-05,0.141,-9.942,0.0251,101.881,0.631,21.5,182853,"/ ","/ ","/ ","/ ","__","__","__","__","__","__","__","__","__","__","__","__"
"I AIN'T SUPERSTITIOUS",1978,NA,"bootleg recording/outtake","/","/","/","/","Willie Dixon","Jagger",NA,NA,NA,NA,NA,NA,NA,NA,NA,NA,NA,"/ ","/ ","/ ","/ ","__","__","__","__","__","__","__","__","__","__","__","__"
"I AM WAITING",1965,"1966","Aftermath","ABKCO Records","Studio","10","03:10","Jagger/Richards","Jagger",0.243,0.631,0.455,6.51e-05,0.141,-9.942,0.0251,101.881,0.631,21.6666666666667,182853,"/ ","/ ","/ ","/ ","__","__","__","__","__","__","__","__","__","__","__","__"
"I CAN'T BE SATISFIED",1964,"1965","The Rolling Stones No.2","Decca","Studio","9","03:26","Muddy Waters","Jagger",0.243,0.631,0.455,6.51e-05,0.141,-9.942,0.0251,101.881,0.631,19,182853,"/ ","/ ","/ ","/ ","__","__","__","__","__","__","__","__","__","__","__","__"
"(I CAN'T GET NO) SATISFACTION",1965,"1965","Rolling Stones Chronicles",NA,NA,"2","03:42","Jagger/Richards","Jagger",0.243,0.631,0.455,6.51e-05,0.141,-9.942,0.0251,101.881,0.631,22.4285714285714,182853,"01.09. 1965","01","12","02","1","1","__","1","1","1","1","3","—","3","__","RIAA: Gold[60]
ITA: Platinum
GER: Gold
UK: Platinum[17]"
"I CAN'T QUIT YOU BABY",2015,"2016","Blue & Lonesome","Interscope / Polydor","Studio","12","05:13","Willie Dixon","Jagger",0.243,0.631,0.455,6.51e-05,0.141,-9.942,0.0251,101.881,0.631,35,182853,"/ ","/ ","/ ","/ ","__","__","__","__","__","__","__","__","__","__","__","__"
"I DON'T KNOW WHY",1969,"1975","Metamorphosis",NA,"Compilation",NA,NA,"Stevie Wonder/Paul Riser/Don Hunter/Lula Hardaway","Jagger",NA,NA,NA,NA,NA,NA,NA,NA,NA,NA,NA,"/ ","/ ","/ ","/ ","37","94","__","—","42","—","—","—","—","38","__",""
"I GO WILD",1993,"1994","Voodoo Lounge","Virgin","Studio","8","04:24","Jagger/Richards","Jagger",0.243,0.631,0.455,6.51e-05,0.141,-9.942,0.0251,101.881,0.631,14.6666666666667,182853,"15.07. 1995","29","03","00","__","__","__","29","—","61","48","—","—","44","—","__"
"I GOT THE BLUES",1970,"1971","Sticky Fingers","Virgin","Studio","7","03:55","Jagger/Richards","Jagger",0.243,0.631,0.455,6.51e-05,0.141,-9.942,0.0251,101.881,0.631,NA,182853,"/ ","/ ","/ ","/ ","__","__","__","__","__","__","__","__","__","__","__","__"
"I GOTTA GO",2015,"2016","Blue & Lonesome","Interscope / Polydor","Studio","5","03:26","Little Walter","Jagger",0.243,0.631,0.455,6.51e-05,0.141,-9.942,0.0251,101.881,0.631,34,182853,"/ ","/ ","/ ","/ ","__","__","__","__","__","__","__","__","__","__","__","__"
"I JUST WANT TO MAKE LOVE TO YOU",1964,"1964","The Rolling Stones (UK)England's Newest Hit Makers (US)",NA,NA,NA,NA,"Willie Dixon","Jagger",0.243,0.631,0.455,6.51e-05,0.141,-9.942,0.0251,101.881,0.631,NA,182853,"/ ","/ ","/ ","/ ","__","__","__","__","__","__","__","__","__","__","__","__"
"I JUST WANT TO SEE HIS FACE",1971,"1972","Exile on Main St.","Virgin","Studio","13","02:53","Jagger/Richards","Jagger",0.243,0.631,0.455,6.51e-05,0.141,-9.942,0.0251,101.881,0.631,NA,182853,"/ ","/ ","/ ","/ ","__","__","__","__","__","__","__","__","__","__","__","__"
"I WANNA BE YOUR MAN",1963,"1963","Milestones (UK)Singles Collection: The London Years (US)",NA,NA,NA,NA,"Lennon–McCartney","Jagger",0.118,0.512,0.763,0.756,0.0983,-6.923,0.0496,82.189,0.695,15,112746,"20.11. 1963","12","16","00","—","—","__","12","—","—","—","—","—","—","__",""
"I WANT TO BE LOVED (VERSION 2)",1963,"1963","Singles Collection: The London Years",NA,"Compilation",NA,NA,"Willie Dixon","Jagger",NA,NA,NA,NA,NA,NA,NA,NA,NA,NA,NA,"/ ","/ ","/ ","/ ","__","__","__","__","__","__","__","__","__","__","__","__"
"I'D MUCH RATHER BE WITH THE BOYS",1965,"1975","Metamorphosis",NA,"Compilation",NA,NA,"Loog Oldham/Richards","Jagger",NA,NA,NA,NA,NA,NA,NA,NA,NA,NA,NA,"/ ","/ ","/ ","/ ","__","__","__","__","__","__","__","__","__","__","__","__"
"I'M A KING BEE",1964,"1964","The Rolling Stones (UK)England's Newest Hit Makers (US)",NA,NA,NA,NA,"Slim Harpo","Jagger",0.243,0.631,0.455,6.51e-05,0.141,-9.942,0.0251,101.881,0.631,NA,182853,"/ ","/ ","/ ","/ ","__","__","__","__","__","__","__","__","__","__","__","__"
"I'M ALRIGHT (LIVE)",1965,"1965","Got Live If You Want It!","ABKCO Records / Universal","Live","10","02:26","Bo Diddley","Jagger, Richards",NA,NA,NA,NA,NA,NA,NA,NA,NA,NA,NA,"/ ","/ ","/ ","/ ","__","__","__","__","__","__","__","__","__","__","__","__"
"I'M FREE",1965,"1965","December's Children (And Everybody's)","ABKCO Records","Studio","8","02:24","Jagger/Richards","Jagger",0.243,0.631,0.455,6.51e-05,0.141,-9.942,0.0251,101.881,0.631,16.7142857142857,182853,"/ ","/ ","/ ","/ ","__","__","__","__","__","__","__","__","__","__","__","__"
"I'M GOING DOWN",1969,"1975","Metamorphosis",NA,"Compilation",NA,NA,"Jagger/Richards/Taylor","Jagger",NA,NA,NA,NA,NA,NA,NA,NA,NA,NA,NA,"/ ","/ ","/ ","/ ","__","__","__","__","__","__","__","__","__","__","__","__"
"I'M MOVING ON (LIVE)",1965,"1965","December's Children (And Everybody's)","ABKCO Records","Studio","12","02:13","Hank Snow","Jagger",NA,NA,NA,NA,NA,NA,NA,NA,NA,NA,NA,"/ ","/ ","/ ","/ ","__","__","__","__","__","__","__","__","__","__","__","__"
"I'VE BEEN LOVING YOU TOO LONG",1965,"1966","Got Live If You Want It!","ABKCO Records / Universal","Live","5","02:55","Otis Redding/Jerry Butler","Jagger",0.418333333333333,0.289,0.561666666666667,0.113667143333333,0.437,-9.45766666666667,0.0466333333333333,139.897333333333,0.0427,11.3333333333333,229942,"/ ","/ ","/ ","/ ","__","__","__","__","__","__","__","__","__","__","__","__"
"IF I WAS A DANCER (DANCE PT. 2)",1978,"1980","Sucking in the Seventies",NA,"Compilation",NA,NA,"Jagger/Richards/Wood","Jagger",NA,NA,NA,NA,NA,NA,NA,NA,NA,NA,NA,"/ ","/ ","/ ","/ ","__","__","—","—","—","—","—","—","—","—","—",""
"IF YOU CAN'T ROCK ME",1973,"1974","It's Only Rock 'n' Roll","Virgin",NA,"1","03:47","Jagger/Richards","Jagger",0.243,0.631,0.455,6.51e-05,0.141,-9.942,0.0251,101.881,0.631,23.8,182853,"/ ","/ ","/ ","/ ","__","__","__","__","__","__","__","__","__","__","__","__"
"IF YOU LET ME",1966,"1975","Metamorphosis",NA,"Compilation",NA,NA,"Jagger/Richards","Jagger",NA,NA,NA,NA,NA,NA,NA,NA,NA,NA,NA,"/ ","/ ","/ ","/ ","__","__","__","__","__","__","__","__","__","__","__","__"
"IF YOU NEED ME",1964,"1964","12 X 5","ABKCO Records","Studio","11","02:05","Wilson Pickett/Robert Bateman","Jagger",0.243,0.631,0.455,6.51e-05,0.141,-9.942,0.0251,101.881,0.631,15.3333333333333,182853,"/ ","/ ","/ ","/ ","__","__","__","__","__","__","__","__","__","__","__","__"
"IF YOU REALLY WANT TO BE MY FRIEND",1973,"1974","It's Only Rock 'n' Roll","Virgin",NA,"8","06:17","Jagger/Richards","Jagger",0.243,0.631,0.455,6.51e-05,0.141,-9.942,0.0251,101.881,0.631,NA,182853,"/ ","/ ","/ ","/ ","__","__","__","__","__","__","__","__","__","__","__","__"
"IN ANOTHER LAND",1967,"1967","Their Satanic Majesties Request","ABKCO Records","Studio","3","03:15","Bill Wyman","Wyman",0.243,0.631,0.455,6.51e-05,0.141,-9.942,0.0251,101.881,0.631,18.3333333333333,182853,"/ ","/ ","/ ","/ ","62","—","__","—","87","—","—","—","—","—","__",""
"INDIAN GIRL",1979,"1980","Emotional Rescue","Universal","Studio","5","04:23","Jagger/Richards","Jagger",0.243,0.631,0.455,6.51e-05,0.141,-9.942,0.0251,101.881,0.631,24,182853,"/ ","/ ","/ ","/ ","__","__","__","__","__","__","__","__","__","__","__","__"
"INFAMY",2005,"2005","A Bigger Bang","Virgin","Studio","16","03:47","Jagger/Richards","Richards",0.243,0.631,0.455,6.51e-05,0.141,-9.942,0.0251,101.881,0.631,21,182853,"/ ","/ ","/ ","/ ","__","__","__","__","__","__","__","__","__","__","__","__"
"IT MUST BE HELL",1983,"1983","Undercover","Universal","Studio","10","05:04","Jagger/Richards","Jagger",0.243,0.631,0.455,6.51e-05,0.141,-9.942,0.0251,101.881,0.631,17,182853,"/ ","/ ","/ ","/ ","__","__","__","__","__","__","__","__","__","__","__","__"
"IT SHOULD BE YOU",1963,NA,"bootleg recording/outtake","/","/","/","/","Jagger/Richards","Jagger",NA,NA,NA,NA,NA,NA,NA,NA,NA,NA,NA,"/ ","/ ","/ ","/ ","__","__","__","__","__","__","__","__","__","__","__","__"
"IT WON'T TAKE LONG",2004,"2005","A Bigger Bang","Virgin","Studio","3","03:54","Jagger/Richards","Jagger",0.243,0.631,0.455,6.51e-05,0.141,-9.942,0.0251,101.881,0.631,24,182853,"/ ","/ ","/ ","/ ","__","__","__","__","__","__","__","__","__","__","__","__"
"IT'S ALL OVER NOW",1964,"1964","12 X 5","ABKCO Records","Studio","6","03:27","Bobby Womack/Shirley Womack","Jagger",0.243,0.631,0.455,6.51e-05,0.141,-9.942,0.0251,101.881,0.631,16.5714285714286,182853,"08.07. 1964","01","15","01","25","33","__","1","26","14","1","7","—","26","__",""
"IT'S NOT EASY",1965,"1966","Aftermath","ABKCO Records","Studio","9","02:50","Jagger/Richards","Jagger",0.243,0.631,0.455,6.51e-05,0.141,-9.942,0.0251,101.881,0.631,18.3333333333333,182853,"/ ","/ ","/ ","/ ","__","__","__","__","__","__","__","__","__","__","__","__"
"IT'S ONLY ROCK 'N ROLL (BUT I LIKE IT)",1973,"1974","It's Only Rock 'n' Roll","Virgin",NA,"3","05:07","Jagger/Richards","Jagger",NA,NA,NA,NA,NA,NA,NA,NA,NA,NA,NA,"/ ","/ ","/ ","/ ","18","11","__","10","16","36","17","3","—","12","__",""
"JIG-SAW PUZZLE",1968,"1968","Beggars Banquet","ABKCO Records","Studio","5","06:06","Jagger/Richards","Jagger",0.243,0.631,0.455,6.51e-05,0.141,-9.942,0.0251,101.881,0.631,NA,182853,"/ ","/ ","/ ","/ ","__","__","__","__","__","__","__","__","__","__","__","__"
"JIVING SISTER FANNY",1969,"1975","Metamorphosis",NA,"Compilation",NA,NA,"Jagger/Richards","Jagger",NA,NA,NA,NA,NA,NA,NA,NA,NA,NA,NA,"/ ","/ ","/ ","/ ","__","__","__","__","__","__","__","__","__","__","__","__"
"JUMP ON TOP OF ME",1993,"1993","The Singles 1971–2006",NA,NA,NA,NA,"Jagger/Richards","Jagger",NA,NA,NA,NA,NA,NA,NA,NA,NA,NA,NA,"/ ","/ ","/ ","/ ","__","__","__","__","__","__","__","__","__","__","__","__"
"JUMPIN' JACK FLASH",1968,"1968","Rolling Stones Chronicles",NA,NA,"5","03:38","Jagger/Richards","Jagger",0.243,0.631,0.455,6.51e-05,0.141,-9.942,0.0251,101.881,0.631,18.8461538461538,182853,"04.06. 1968","01","11","02","1","2","__","1","3","1","2","2","2","5","__",""
"JUST LIKE I TREAT YOU",2015,"2016","Blue & Lonesome","Interscope / Polydor","Studio","11","03:24","Willie Dixon","Jagger",0.243,0.631,0.455,6.51e-05,0.141,-9.942,0.0251,101.881,0.631,30,182853,"/ ","/ ","/ ","/ ","__","__","__","__","__","__","__","__","__","__","__","__"
"JUST MY IMAGINATION (RUNNING AWAY WITH ME)",1977,"1978","Some Girls","Universal","Studio","3","04:38","Norman Whitfield/Barrett Strong","Jagger",0.243,0.631,0.455,6.51e-05,0.141,-9.942,0.0251,101.881,0.631,NA,182853,"/ ","/ ","/ ","/ ","__","__","__","__","__","__","__","__","__","__","__","__"
"JUST YOUR FOOL",2015,"2016","Blue & Lonesome","Interscope / Polydor","Studio","1","02:16","Buddy Johnson","Jagger",0.243,0.631,0.455,6.51e-05,0.141,-9.942,0.0251,101.881,0.631,32,182853,"/ ","/ ","/ ","/ ","__","__","__","__","__","__","__","__","__","__","__","__"
"KEY TO THE HIGHWAY",1985,"1986","Dirty Work","Virgin","Studio",NA,NA,"Big Bill Broonzy/Charles Segar","instrumental",0.243,0.631,0.455,6.51e-05,0.141,-9.942,0.0251,101.881,0.631,NA,182853,"/ ","/ ","/ ","/ ","__","__","__","__","__","__","__","__","__","__","__","__"
"LADY JANE",1966,"1966","Flowers","ABKCO Records",NA,"4","03:08","Jagger/Richards","Jagger",0.243,0.631,0.455,6.51e-05,0.141,-9.942,0.0251,101.881,0.631,18.5714285714286,182853,"/ ","/ ","/ ","/ ","__","__","__","__","__","__","__","__","__","__","__","__"
"THE LANTERN",1967,"1967","Their Satanic Majesties Request","ABKCO Records","Studio","7","04:23","Jagger/Richards","Jagger",0.243,0.631,0.455,6.51e-05,0.141,-9.942,0.0251,101.881,0.631,16.6666666666667,182853,"/ ","/ ","/ ","/ ","__","__","__","__","__","__","__","__","__","__","__","__"
"THE LAST TIME",1965,"1965","Rolling Stones Chronicles",NA,NA,"1","03:41","Jagger/Richards","Jagger",0.243,0.631,0.455,6.51e-05,0.141,-9.942,0.0251,101.881,0.631,17.2857142857143,182853,"10.03. 1965","01","13","03","10","10","__","1","9","1","2","8","—","9","__",""
"LAUGH, I NEARLY DIED",2005,"2005","A Bigger Bang","Virgin","Studio","12","04:54","Jagger/Richards","Jagger",0.243,0.631,0.455,6.51e-05,0.141,-9.942,0.0251,101.881,0.631,41,182853,"/ ","/ ","/ ","/ ","__","__","__","__","__","__","__","__","__","__","__","__"
"LET IT BLEED",1969,"1969","Let It Bleed","ABKCO Records","Studio","5","05:27","Jagger/Richards","Jagger",0.243,0.631,0.455,6.51e-05,0.141,-9.942,0.0251,101.881,0.631,NA,182853,"/ ","/ ","/ ","/ ","__","__","__","__","__","__","__","__","__","__","__","__"
"LET IT LOOSE",1971,"1972","Exile on Main St.","Virgin","Studio","14","05:18","Jagger/Richards","Jagger",0.243,0.631,0.455,6.51e-05,0.141,-9.942,0.0251,101.881,0.631,NA,182853,"/ ","/ ","/ ","/ ","__","__","__","__","__","__","__","__","__","__","__","__"
"LET IT ROCK (LIVE)",1971,"1971","Rarities 1971–2003",NA,"Compilation",NA,NA,"Chuck Berry","Jagger",NA,NA,NA,NA,NA,NA,NA,NA,NA,NA,NA,"/ ","/ ","/ ","/ ","—","—","__","—","—","25","—","—","—","—","__",""
"LET ME DOWN SLOW",2004,"2005","A Bigger Bang","Virgin","Studio","2","04:16","Jagger/Richards","Jagger",0.243,0.631,0.455,6.51e-05,0.141,-9.942,0.0251,101.881,0.631,27,182853,"/ ","/ ","/ ","/ ","__","__","__","__","__","__","__","__","__","__","__","__"
"LET ME GO",1979,"1980","Still Life","Virgin","Live","7","03:31","Jagger/Richards","Jagger",0.243,0.631,0.455,6.51e-05,0.141,-9.942,0.0251,101.881,0.631,20.25,182853,"/ ","/ ","/ ","/ ","__","__","__","__","__","__","__","__","__","__","__","__"
"LET'S SPEND THE NIGHT TOGETHER",1966,"1967","Flowers","ABKCO Records",NA,"3","03:38","Jagger/Richards","Jagger",0.243,0.631,0.455,6.51e-05,0.141,-9.942,0.0251,101.881,0.631,NA,182853,"25.01. 1967","03","10","00","—","—","__","3","—","1","2","3","—","—","__",""
"LIES",1977,"1978","Some Girls","Universal","Studio","5","03:11","Jagger/Richards","Jagger",0.243,0.631,0.455,6.51e-05,0.141,-9.942,0.0251,101.881,0.631,23,182853,"/ ","/ ","/ ","/ ","__","__","__","__","__","__","__","__","__","__","__","__"
"LIKE A ROLLING STONE (LIVE)",1995,"1995","Stripped","Virgin","Live","2","05:38","Bob Dylan","Jagger",NA,NA,NA,NA,NA,NA,NA,NA,NA,NA,NA,"/ ","/ ","/ ","/ ","__","__","__","12","—","48","10","45","—","15","—","__"
"LINDA LU",1979,NA,"bootleg recording/outtake","/","/","/","/","Ray Sharpe","Jagger",NA,NA,NA,NA,NA,NA,NA,NA,NA,NA,NA,"/ ","/ ","/ ","/ ","__","__","__","__","__","__","__","__","__","__","__","__"
"LITTLE BABY (LIVE)",1995,"1995","Stripped","Virgin","Live","14","04:00","Willie Dixon","Jagger",NA,NA,NA,NA,NA,NA,NA,NA,NA,NA,NA,"/ ","/ ","/ ","/ ","__","__","__","__","__","__","__","__","__","__","__","__"
"LITTLE BY LITTLE",1964,"1964","The Rolling Stones (UK)England's Newest Hit Makers (US)",NA,NA,NA,NA,"Nanker Phelge[a]/Phil Spector/Ian Stewart","Jagger",0.243,0.631,0.455,6.51e-05,0.141,-9.942,0.0251,101.881,0.631,NA,182853,"/ ","/ ","/ ","/ ","__","__","__","__","__","__","__","__","__","__","__","__"
"LITTLE QUEENIE (LIVE)",1969,"1970","Get Yer Ya-Ya's Out!","ABKCO Records","Live","8","04:33","Chuck Berry","Jagger",NA,NA,NA,NA,NA,NA,NA,NA,NA,NA,NA,"/ ","/ ","/ ","/ ","—","—","__","—","—","19","12","—","5","—","__",""
"LITTLE RAIN",2015,"2016","Blue & Lonesome","Interscope / Polydor","Studio","10","03:32","Ewart G.Abner Jr./Jimmy Reed","Jagger",0.243,0.631,0.455,6.51e-05,0.141,-9.942,0.0251,101.881,0.631,31,182853,"/ ","/ ","/ ","/ ","__","__","__","__","__","__","__","__","__","__","__","__"
"LITTLE RED ROOSTER",1964,"1964","The Rolling Stones, Now!","ABKCO Records","Studio","11","03:06","Willie Dixon","Jagger",0.243,0.631,0.455,6.51e-05,0.141,-9.942,0.0251,101.881,0.631,18.2222222222222,182853,"25.11. 1964","01","12","01","—","—","__","1","—","14","4","21","—","—","__",""
"LITTLE T&A",1979,"1981","Tattoo You","Virgin","Studio","4","03:23","Jagger/Richards","Richards",0.243,0.631,0.455,6.51e-05,0.141,-9.942,0.0251,101.881,0.631,25.8,182853,"/ ","/ ","/ ","/ ","__","__","—","—","—","—","—","—","—","—","—",""
"LIVE WITH ME",1969,"1969","Get Yer Ya-Ya's Out!","ABKCO Records","Live","7","03:02","Jagger/Richards","Jagger",0.243,0.631,0.455,6.51e-05,0.141,-9.942,0.0251,101.881,0.631,NA,182853,"/ ","/ ","/ ","/ ","—","—","__","—","—","—","—","21","—","—","__",""
"LIVING IN A GHOST TOWN",2019,"2020","Non-album single",NA,NA,NA,NA,"Jagger/Richards","Jagger",NA,NA,NA,NA,NA,NA,NA,NA,NA,NA,NA,"07.05. 2020","61","02","00","__","__","__","__","__","__","__","__","__","__","__","__"
"LONG LONG WHILE",1966,"1966","No Stone Unturned (UK)More Hot Rocks (Big Hits & Fazed Cookies) (US)",NA,NA,NA,NA,"Jagger/Richards","Jagger",NA,NA,NA,NA,NA,NA,NA,NA,NA,NA,NA,"/ ","/ ","/ ","/ ","__","__","__","__","__","__","__","__","__","__","__","__"
"LOOK WHAT THE CAT DRAGGED IN",2004,"2005","A Bigger Bang","Virgin","Studio","14","03:57","Jagger/Richards","Jagger",0.243,0.631,0.455,6.51e-05,0.141,-9.942,0.0251,101.881,0.631,NA,182853,"/ ","/ ","/ ","/ ","__","__","__","__","__","__","__","__","__","__","__","__"
"LOOK WHAT YOU'VE DONE",1964,"1965","December's Children (And Everybody's)","ABKCO Records","Studio","4","02:16","Muddy Waters","Jagger",0.243,0.631,0.455,6.51e-05,0.141,-9.942,0.0251,101.881,0.631,12.5,182853,"/ ","/ ","/ ","/ ","__","__","__","__","__","__","__","__","__","__","__","__"
"LOOKING TIRED",1964,NA,"bootleg recording/outtake","/","/","/","/","Jagger/Richards","Jagger",NA,NA,NA,NA,NA,NA,NA,NA,NA,NA,NA,"/ ","/ ","/ ","/ ","__","__","__","__","__","__","__","__","__","__","__","__"
"LOVE IN VAIN",1969,"1969","Get Yer Ya-Ya's Out!","ABKCO Records","Live","4","04:56","Robert Johnson","Jagger",0.243,0.631,0.455,6.51e-05,0.141,-9.942,0.0251,101.881,0.631,NA,182853,"/ ","/ ","/ ","/ ","__","__","__","__","__","__","__","__","__","__","__","__"
"LOVE IS STRONG",1993,"1994","Voodoo Lounge","Virgin","Studio","1","03:50","Jagger/Richards","Jagger",0.243,0.631,0.455,6.51e-05,0.141,-9.942,0.0251,101.881,0.631,39,182853,"16.07. 1994","14","05","00","__","__","__","14","91","40","6","—","29","2","28","__"
"LOVING CUP",1971,"1972","Exile on Main St.","Virgin","Studio","9","04:25","Jagger/Richards","Jagger",0.243,0.631,0.455,6.51e-05,0.141,-9.942,0.0251,101.881,0.631,25.4,182853,"/ ","/ ","/ ","/ ","__","__","__","__","__","__","__","__","__","__","__","__"
"LOVING YOU IS SWEETER THAN EVER",1985,NA,"bootleg recording/outtake","/","/","/","/","Ivy Jo Hunter/Stevie Wonder","Jagger",NA,NA,NA,NA,NA,NA,NA,NA,NA,NA,NA,"/ ","/ ","/ ","/ ","__","__","__","__","__","__","__","__","__","__","__","__"
"LOW DOWN",1997,"1997","Bridges to Babylon","Virgin","Studio","3","04:25","Jagger/Richards","Jagger",0.243,0.631,0.455,6.51e-05,0.141,-9.942,0.0251,101.881,0.631,24,182853,"/ ","/ ","/ ","/ ","__","__","__","__","__","__","__","__","__","__","__","__"
"LUXURY",1974,"1974","It's Only Rock 'n' Roll","Virgin",NA,"6","05:01","Jagger/Richards","Jagger",0.243,0.631,0.455,6.51e-05,0.141,-9.942,0.0251,101.881,0.631,24,182853,"/ ","/ ","/ ","/ ","__","__","__","__","__","__","__","__","__","__","__","__"
"MANNISH BOY (LIVE)",1977,"1977","Love You Live","Virgin","Live",NA,NA,"Muddy Waters/Mel London/Bo Diddley","Jagger",NA,NA,NA,NA,NA,NA,NA,NA,NA,NA,NA,"/ ","/ ","/ ","/ ","__","__","__","__","__","__","__","__","__","__","__","__"
"MEAN DISPOSITION",1994,"1994","Voodoo Lounge","Virgin","Studio","15","04:08","Jagger/Richards","Jagger",0.243,0.631,0.455,6.51e-05,0.141,-9.942,0.0251,101.881,0.631,25,182853,"/ ","/ ","/ ","/ ","__","__","__","__","__","__","__","__","__","__","__","__"
"MELODY",1975,"1976","Black and Blue","Virgin","Studio","6","05:50","Jagger/Richards","Jagger",0.243,0.631,0.455,6.51e-05,0.141,-9.942,0.0251,101.881,0.631,27,182853,"/ ","/ ","/ ","/ ","__","__","__","__","__","__","__","__","__","__","__","__"
"MEMO FROM TURNER",1968,"1975","Metamorphosis",NA,"Compilation",NA,NA,"Jagger/Richards","Jagger (Jagger solo recording)",NA,NA,NA,NA,NA,NA,NA,NA,NA,NA,NA,"/ ","/ ","/ ","/ ","__","__","__","__","__","__","__","__","__","__","__","__"
"MEMORY MOTEL",1975,"1976","Black and Blue","Virgin","Studio","4","07:09","Jagger/Richards","Jagger, Richards",0.243,0.631,0.455,6.51e-05,0.141,-9.942,0.0251,101.881,0.631,29,182853,"/ ","/ ","/ ","/ ","__","__","__","__","__","__","__","__","__","__","__","__"
"MERCY, MERCY",1964,"1965","Out of Our Heads","ABKCO Records","Studio","1","02:47","Don Covay/Ronnie Miller","Jagger",0.0495,0.711,0.636,0.674,0.0806,-9.935,0.0457,117.807,0.784,9.5,174653,"/ ","/ ","/ ","/ ","__","__","__","__","__","__","__","__","__","__","__","__"
"MIDNIGHT RAMBLER",1969,"1969","Get Yer Ya-Ya's Out!","ABKCO Records","Live","5","09:04","Jagger/Richards","Jagger",0.243,0.631,0.455,6.51e-05,0.141,-9.942,0.0251,101.881,0.631,21.5263157894737,182853,"/ ","/ ","/ ","/ ","__","__","__","__","__","__","__","__","__","__","__","__"
"MIGHT AS WELL GET JUICED",1997,"1997","Bridges to Babylon","Virgin","Studio","9","05:23","Jagger/Richards","Jagger",0.243,0.631,0.455,6.51e-05,0.141,-9.942,0.0251,101.881,0.631,NA,182853,"/ ","/ ","/ ","/ ","__","__","__","__","__","__","__","__","__","__","__","__"
"MISS AMANDA JONES",1966,"1967","Between the Buttons","ABKCO Records","Studio","11","02:48","Jagger/Richards","Jagger",0.243,0.631,0.455,6.51e-05,0.141,-9.942,0.0251,101.881,0.631,12,182853,"/ ","/ ","/ ","/ ","__","__","__","__","__","__","__","__","__","__","__","__"
"MISS YOU",1977,"1978","Flashpoint","Virgin","Live","4","05:55","Jagger/Richards","Jagger",0.243,0.631,0.455,6.51e-05,0.141,-9.942,0.0251,101.881,0.631,25.3888888888889,182853,"03.06. 1978","03","13","00","1","3","__","3","1","12","2","1","11","1","__","RIAA: Gold[60]
UK: Silver[17]"
"MIXED EMOTIONS",1989,"1989","Steel Wheels","Virgin","Studio","2","04:38","Jagger/Richards","Jagger",0.243,0.631,0.455,6.51e-05,0.141,-9.942,0.0251,101.881,0.631,27.5,182853,"02.09. 1989","36","05","00","__","__","25","36","5","20","9","41","24","1","39",""
"MONA (I NEED YOU BABY)",1964,"1964","The Rolling Stones, Now!","ABKCO Records","Studio","6","03:35","Bo Diddley","Jagger",0.0700666666666667,0.694333333333333,0.662666666666667,0.000245666666666667,0.0942,-10.6773333333333,0.127666666666667,98.9316666666667,0.421333333333333,18.3333333333333,214697.333333333,"/ ","/ ","/ ","/ ","__","__","__","__","__","__","__","__","__","__","__","__"
"MONEY",1963,"1964","The Rolling Stones (EP) (UK)More Hot Rocks (Big Hits & Fazed Cookies) (US)",NA,NA,NA,NA,"Janie Bradford/Berry Gordy","Jagger",NA,NA,NA,NA,NA,NA,NA,NA,NA,NA,NA,"/ ","/ ","/ ","/ ","__","__","__","__","__","__","__","__","__","__","__","__"
"MONKEY MAN",1969,"1969","Let It Bleed","ABKCO Records","Studio","8","04:11","Jagger/Richards","Jagger",0.243,0.631,0.455,6.51e-05,0.141,-9.942,0.0251,101.881,0.631,21.4444444444444,182853,"/ ","/ ","/ ","/ ","__","__","__","__","__","__","__","__","__","__","__","__"
"MOON IS UP",1994,"1994","Voodoo Lounge","Virgin","Studio","6","03:41","Jagger/Richards","Jagger",0.243,0.631,0.455,6.51e-05,0.141,-9.942,0.0251,101.881,0.631,NA,182853,"/ ","/ ","/ ","/ ","__","__","__","__","__","__","__","__","__","__","__","__"
"MOONLIGHT MILE",1970,"1971","Sticky Fingers","Virgin","Studio","10","05:57","Jagger/Richards","Jagger",0.243,0.631,0.455,6.51e-05,0.141,-9.942,0.0251,101.881,0.631,33.5,182853,"/ ","/ ","/ ","/ ","__","__","__","__","__","__","__","__","__","__","__","__"
"MOTHER'S LITTLE HELPER",1965,"1966","Flowers","ABKCO Records",NA,"9","02:47","Jagger/Richards","Jagger",0.243,0.631,0.455,6.51e-05,0.141,-9.942,0.0251,101.881,0.631,29,182853,"/ ","/ ","/ ","/ ","4","4","__","—","8","9","7","24","—","14","__",""
"MR. PITIFUL (LIVE)",2005,"2012","Light the Fuse",NA,NA,NA,NA,"Steve Cropper/Otis Redding","Jagger",NA,NA,NA,NA,NA,NA,NA,NA,NA,NA,NA,"/ ","/ ","/ ","/ ","__","__","__","__","__","__","__","__","__","__","__","__"
"MY GIRL",1965,"1967","Flowers","ABKCO Records",NA,"6","02:39","Smokey Robinson/Ronald White","Jagger",0.679,0.589,0.567,0.175,0.335,-7.774,0.0342,110.531,0.731,24.5,158133,"/ ","/ ","/ ","/ ","__","__","__","__","__","__","__","__","__","__","__","__"
"MY OBSESSION",1966,"1967","Between the Buttons","ABKCO Records","Studio","8","03:18","Jagger/Richards","Jagger",0.243,0.631,0.455,6.51e-05,0.141,-9.942,0.0251,101.881,0.631,11.5,182853,"/ ","/ ","/ ","/ ","__","__","__","__","__","__","__","__","__","__","__","__"
"THE NEARNESS OF YOU (LIVE)",2002,"2004","Live Licks","Virgin","Live",NA,NA,"Hoagy Carmichael/Ned Washington","Richards",NA,NA,NA,NA,NA,NA,NA,NA,NA,NA,NA,"/ ","/ ","/ ","/ ","__","__","__","__","__","__","__","__","__","__","__","__"
"NEIGHBOURS",1980,"1981","Tattoo You","Virgin","Studio","6","03:33","Jagger/Richards","Jagger",0.243,0.631,0.455,6.51e-05,0.141,-9.942,0.0251,101.881,0.631,18.1428571428571,182853,"/ ","/ ","/ ","/ ","__","__","__","__","__","__","__","__","__","__","__","__"
"NEW FACES",1994,"1994","Voodoo Lounge","Virgin","Studio","5","02:51","Jagger/Richards","Jagger",0.243,0.631,0.455,6.51e-05,0.141,-9.942,0.0251,101.881,0.631,30,182853,"/ ","/ ","/ ","/ ","__","__","__","__","__","__","__","__","__","__","__","__"
"NO EXPECTATIONS",1968,"1968","Beggars Banquet","ABKCO Records","Studio","2","03:56","Jagger/Richards","Jagger",0.243,0.631,0.455,6.51e-05,0.141,-9.942,0.0251,101.881,0.631,28,182853,"/ ","/ ","/ ","/ ","__","__","__","__","__","__","__","__","__","__","__","__"
"NO USE IN CRYING",1980,"1981","Tattoo You","Virgin","Studio","10","03:25","Jagger/Richards/Wood","Jagger",0.243,0.631,0.455,6.51e-05,0.141,-9.942,0.0251,101.881,0.631,NA,182853,"/ ","/ ","/ ","/ ","__","__","__","__","__","__","__","__","__","__","__","__"
"NOT FADE AWAY",1964,"1964","Got Live If You Want It!","ABKCO Records / Universal","Live","4","02:04","Buddy Holly/Norman Petty","Jagger",0.243,0.631,0.455,6.51e-05,0.141,-9.942,0.0251,101.881,0.631,15.9,182853,"04.03. 1964","03","15","00","44","58","__","3","48","—","—","—","—","—","__",""
"NOW I'VE GOT A WITNESS (LIKE UNCLE PHIL AND UNCLE GENE)",1964,"1964","The Rolling Stones (UK)England's Newest Hit Makers (US)",NA,NA,NA,NA,"Nanker Phelge[a]","Jagger",0.243,0.631,0.455,6.51e-05,0.141,-9.942,0.0251,101.881,0.631,NA,182853,"/ ","/ ","/ ","/ ","__","__","__","__","__","__","__","__","__","__","__","__"
"OFF THE HOOK",1964,"1965","The Rolling Stones, Now!","ABKCO Records","Studio","8","02:35","Jagger/Richards","Jagger",0.243,0.631,0.455,6.51e-05,0.141,-9.942,0.0251,101.881,0.631,NA,182853,"/ ","/ ","/ ","/ ","__","__","__","__","__","__","__","__","__","__","__","__"
"OH, BABY (WE GOT A GOOD THING GOING)",1964,"1965","The Rolling Stones, Now!","ABKCO Records","Studio","10","02:09","Barbara Lynn Ozen","Jagger",NA,NA,NA,NA,NA,NA,NA,NA,NA,NA,NA,"/ ","/ ","/ ","/ ","__","__","__","__","__","__","__","__","__","__","__","__"
"OH NO, NOT YOU AGAIN",2005,"2005","A Bigger Bang","Virgin","Studio","10","03:46","Jagger/Richards","Jagger",0.243,0.631,0.455,6.51e-05,0.141,-9.942,0.0251,101.881,0.631,20.5,182853,"/ ","/ ","/ ","/ ","__","__","__","—","—","—","—","—","—","","—","__"
"ON WITH THE SHOW",1967,"1967","Their Satanic Majesties Request","ABKCO Records","Studio","10","03:39","Jagger/Richards","Jagger",0.243,0.631,0.455,6.51e-05,0.141,-9.942,0.0251,101.881,0.631,NA,182853,"/ ","/ ","/ ","/ ","__","__","__","__","__","__","__","__","__","__","__","__"
"ONE HIT (TO THE BODY)",1985,"1986","Dirty Work","Virgin","Studio","1","04:44","Jagger/Richards","Jagger",0.243,0.631,0.455,6.51e-05,0.141,-9.942,0.0251,101.881,0.631,NA,182853,"31.05. 1986","80","02","00","__","__","34","80","28","—","50","—","—","26","—",""
"ONE MORE TRY",1965,"1965","Out of Our Heads","ABKCO Records","Studio","12","01:58","Jagger/Richards","Jagger",0.243,0.631,0.455,6.51e-05,0.141,-9.942,0.0251,101.881,0.631,17.5,182853,"/ ","/ ","/ ","/ ","__","__","__","__","__","__","__","__","__","__","__","__"
"OUT OF CONTROL",1997,"1997","No Security","Virgin","Live","14","07:57","Jagger/Richards","Jagger",0.243,0.631,0.455,6.51e-05,0.141,-9.942,0.0251,101.881,0.631,NA,182853,"22.08. 1998","51","02","00","__","__","__","51","—","—","—","—","—","—","12","__"
"OUT OF TEARS",1993,"1994","Voodoo Lounge","Virgin","Studio","7","05:27","Jagger/Richards","Jagger",0.243,0.631,0.455,6.51e-05,0.141,-9.942,0.0251,101.881,0.631,NA,182853,"10.12. 1994","36","06","00","__","__","__","36","60","—","37","38","—","3","—","__"
"OUT OF TIME",1966,"1966","Flowers","ABKCO Records",NA,"5","03:42","Jagger/Richards","Jagger",0.243,0.631,0.455,6.51e-05,0.141,-9.942,0.0251,101.881,0.631,NA,182853,"20.09. 1975","45","02","00","65","88","__","45","81","—","—","—","—","—","__",""
"PAIN IN MY HEART",1964,"1965","The Rolling Stones, Now!","ABKCO Records","Studio","9","02:12","Allen Toussaint (under the pseudonym Naomi Neville)","Jagger",0.243,0.631,0.455,6.51e-05,0.141,-9.942,0.0251,101.881,0.631,NA,182853,"/ ","/ ","/ ","/ ","__","__","__","__","__","__","__","__","__","__","__","__"
"PAINT IT BLACK",1966,"1966","Live Licks","Virgin","Live","3","03:45","Jagger/Richards","Jagger",0.243,0.631,0.455,6.51e-05,0.141,-9.942,0.0251,101.881,0.631,20,182853,"02.06. 2007","70","11","00","1","1","__","1","1","2","1","8","—","1","__","GER: Gold
UK: 2× Platinum[17]"
"PARACHUTE WOMAN",1968,"1968","Beggars Banquet","ABKCO Records","Studio","4","02:20","Jagger/Richards","Jagger",0.243,0.631,0.455,6.51e-05,0.141,-9.942,0.0251,101.881,0.631,23,182853,"/ ","/ ","/ ","/ ","__","__","__","__","__","__","__","__","__","__","__","__"
"PLAY WITH FIRE",1965,"1965","Out of Our Heads","ABKCO Records","Studio","10","02:15","Jagger/Richards","Jagger",0.243,0.631,0.455,6.51e-05,0.141,-9.942,0.0251,101.881,0.631,NA,182853,"/ ","/ ","/ ","/ ","__","__","__","__","__","__","__","__","__","__","__","__"
"PLEASE GO HOME",1966,"1967","Flowers","ABKCO Records",NA,"8","03:19","Jagger/Richards","Jagger",0.243,0.631,0.455,6.51e-05,0.141,-9.942,0.0251,101.881,0.631,11.25,182853,"/ ","/ ","/ ","/ ","__","__","__","__","__","__","__","__","__","__","__","__"
"POISON IVY",1963,"1964","The Rolling Stones (EP) (UK)More Hot Rocks (Big Hits & Fazed Cookies) (US)",NA,NA,NA,NA,"Jerry Leiber/Mike Stoller","Jagger",NA,NA,NA,NA,NA,NA,NA,NA,NA,NA,NA,"/ ","/ ","/ ","/ ","__","__","__","__","__","__","__","__","__","__","__","__"
"POTTED SHRIMP",1970,NA,"bootleg recording/outtake","/","/","/","/",NA,"instrumental",NA,NA,NA,NA,NA,NA,NA,NA,NA,NA,NA,"/ ","/ ","/ ","/ ","__","__","__","__","__","__","__","__","__","__","__","__"
"PRETTY BEAT UP",1983,"1983","Undercover","Universal","Studio","7","04:05","Jagger/Richards/Wood","Jagger",0.243,0.631,0.455,6.51e-05,0.141,-9.942,0.0251,101.881,0.631,16.5,182853,"/ ","/ ","/ ","/ ","__","__","__","__","__","__","__","__","__","__","__","__"
"PRODIGAL SON",1968,"1968","Beggars Banquet","ABKCO Records","Studio","7","02:52","Rev. Robert Wilkins","Jagger",0.243,0.631,0.455,6.51e-05,0.141,-9.942,0.0251,101.881,0.631,21,182853,"/ ","/ ","/ ","/ ","__","__","__","__","__","__","__","__","__","__","__","__"
"RAIN FALL DOWN",2004,"2005","A Bigger Bang","Virgin","Studio","4","04:53","Jagger/Richards","Jagger",0.243,0.631,0.455,6.51e-05,0.141,-9.942,0.0251,101.881,0.631,28.3333333333333,182853,"17.12. 2005","33","03","00","__","__","__","33","—","80","31","—","77","","37","__"
"RESPECTABLE",1977,"1978","No Security","Virgin","Live","11","03:19","Jagger/Richards","Jagger",0.243,0.631,0.455,6.51e-05,0.141,-9.942,0.0251,101.881,0.631,20.1428571428571,182853,"30.09. 1978","23","09","00","—","—","__","23","—","—","18","—","—","—","__",""
"RIDE 'EM ON DOWN",2015,"2016","Blue & Lonesome","Interscope / Polydor","Studio","7","02:48","Eddie Taylor","Jagger",0.243,0.631,0.455,6.51e-05,0.141,-9.942,0.0251,101.881,0.631,NA,182853,"/ ","/ ","/ ","/ ","__","__","__","__","__","__","__","__","__","__","__","__"
"RIDE ON, BABY",1965,"1967","Flowers","ABKCO Records",NA,"11","02:53","Jagger/Richards","Jagger",NA,NA,NA,NA,NA,NA,NA,NA,NA,NA,NA,"/ ","/ ","/ ","/ ","__","__","__","__","__","__","__","__","__","__","__","__"
"RIP THIS JOINT",1971,"1972","Exile on Main St.","Virgin","Studio","2","02:22","Jagger/Richards","Jagger",0.243,0.631,0.455,6.51e-05,0.141,-9.942,0.0251,101.881,0.631,18.7,182853,"/ ","/ ","/ ","/ ","__","__","__","__","__","__","__","__","__","__","__","__"
"ROCK AND A HARD PLACE",1989,"1989","Flashpoint","Virgin","Live","5","04:51","Jagger/Richards","Jagger",0.243,0.631,0.455,6.51e-05,0.141,-9.942,0.0251,101.881,0.631,NA,182853,"25.11. 1989","63","03","00","__","__","99","63","23","—","23","—","—","10","—",""
"ROCK ME BABY (LIVE)",2002,"2004","Live Licks","Virgin","Live",NA,NA,"B.B. King/Joe Bihari","Jagger",NA,NA,NA,NA,NA,NA,NA,NA,NA,NA,NA,"/ ","/ ","/ ","/ ","__","__","__","__","__","__","__","__","__","__","__","__"
"ROCKS OFF",1971,"1972","Exile on Main St.","Virgin","Studio","1","04:33","Jagger/Richards","Jagger",0.243,0.631,0.455,6.51e-05,0.141,-9.942,0.0251,101.881,0.631,22,182853,"/ ","/ ","/ ","/ ","—","—","__","—","—","—","—","13","—","—","__",""
"ROUGH JUSTICE",2004,"2005","A Bigger Bang","Virgin","Studio","1","03:11","Jagger/Richards","Jagger",0.243,0.631,0.455,6.51e-05,0.141,-9.942,0.0251,101.881,0.631,22.3333333333333,182853,"/ ","/ ","/ ","/ ","__","__","__","—","—","—","—","—","—","","—","__"
"ROUTE 66",1964,"1964","The Rolling Stones (UK)England's Newest Hit Makers (US)",NA,NA,NA,NA,"Bobby Troup","Jagger",0.17677,0.4984,0.8269,0.2195811,0.45404,-8.2304,0.09293,119.6343,0.7492,19.6,159593,"/ ","/ ","/ ","/ ","—","—","__","—","—","—","—","—","—","—","__",""
"RUBY TUESDAY",1966,"1967","Flowers","ABKCO Records",NA,"1","03:17","Jagger/Richards","Jagger",0.243,0.631,0.455,6.51e-05,0.141,-9.942,0.0251,101.881,0.631,27.8571428571429,182853,"/ ","/ ","/ ","/ ","1","1","__","—","3","1","—","—","3","2","__","RIAA: Gold[60]"
"SAD DAY",1965,"1973","No Stone Unturned (UK)B-side of ""19th Nervous Breakdown (US)",NA,NA,NA,NA,"Jagger/Richards","Jagger",NA,NA,NA,NA,NA,NA,NA,NA,NA,NA,NA,"/ ","/ ","/ ","/ ","—","—","__","—","—","—","19","—","—","—","__",""
"SAD SAD SAD",1989,"1989","Flashpoint","Virgin","Live","3","03:32","Jagger/Richards","Jagger",0.243,0.631,0.455,6.51e-05,0.141,-9.942,0.0251,101.881,0.631,19.2,182853,"/ ","/ ","/ ","/ ","__","__","—","—","—","—","71","—","—","—","—",""
"SAINT OF ME",1997,"1997","No Security","Virgin","Live","7","05:17","Jagger/Richards","Jagger",0.243,0.631,0.455,6.51e-05,0.141,-9.942,0.0251,101.881,0.631,NA,182853,"07.02. 1998","26","02","00","__","__","__","26","94","68","52","—","—","24","25","__"
"SALT OF THE EARTH",1968,"1968","Beggars Banquet","ABKCO Records","Studio","10","04:47","Jagger/Richards","Jagger, Richards",0.243,0.631,0.455,6.51e-05,0.141,-9.942,0.0251,101.881,0.631,NA,182853,"/ ","/ ","/ ","/ ","__","__","__","__","__","__","__","__","__","__","__","__"
NA,NA,NA,NA,NA,NA,NA,NA,NA,NA,NA,NA,NA,NA,NA,NA,NA,NA,NA,NA,NA,"/ ","/ ","/ ","/ ","__","__","__","__","__","__","__","__","__","__","__","__"
"SEND IT TO ME",1979,"1980","Emotional Rescue","Universal","Studio","3","03:42","Jagger/Richards","Jagger",0.243,0.631,0.455,6.51e-05,0.141,-9.942,0.0251,101.881,0.631,NA,182853,"/ ","/ ","/ ","/ ","__","__","__","__","__","__","__","__","__","__","__","__"
"SEX DRIVE",1991,"1991","Flashpoint","Virgin","Live","17","04:27","Jagger/Richards","Jagger",0.019345,0.6055,0.948,0.002235,0.295,-6.022,0.09165,109.812,0.854,14.5,286753,"/ ","/ ","/ ","/ ","__","__","133","—","—","—","24","—","—","—","—",""
"SHAKE YOUR HIPS",1971,"1972","Exile on Main St.","Virgin","Studio","3","02:59","Slim Harpo","Jagger",0.243,0.631,0.455,6.51e-05,0.141,-9.942,0.0251,101.881,0.631,26.6666666666667,182853,"/ ","/ ","/ ","/ ","__","__","__","__","__","__","__","__","__","__","__","__"
"SHATTERED",1977,"1978","Shine a Light","Interscope","Live","2","04:06","Jagger/Richards","Jagger",0.243,0.631,0.455,6.51e-05,0.141,-9.942,0.0251,101.881,0.631,23.7142857142857,182853,"/ ","/ ","/ ","/ ","27","31","__","—","31","—","—","—","—","32","__",""
"SHE SAID YEAH",1965,"1965","December's Children (And Everybody's)","ABKCO Records","Studio","1","01:35","Sonny Bono/Roddy Jackson","Jagger",0.243,0.631,0.455,6.51e-05,0.141,-9.942,0.0251,101.881,0.631,13,182853,"/ ","/ ","/ ","/ ","__","__","__","__","__","__","__","__","__","__","__","__"
"SHE SAW ME COMING",2004,"2005","A Bigger Bang","Virgin","Studio","7","03:12","Jagger/Richards","Jagger",0.243,0.631,0.455,6.51e-05,0.141,-9.942,0.0251,101.881,0.631,22,182853,"/ ","/ ","/ ","/ ","__","__","__","__","__","__","__","__","__","__","__","__"
"SHE SMILED SWEETLY",1966,"1967","Between the Buttons","ABKCO Records","Studio","5","02:45","Jagger/Richards","Jagger",0.243,0.631,0.455,6.51e-05,0.141,-9.942,0.0251,101.881,0.631,17.25,182853,"/ ","/ ","/ ","/ ","__","__","__","__","__","__","__","__","__","__","__","__"
"SHE WAS HOT",1982,"1983","Shine a Light","Interscope","Live","3","04:44","Jagger/Richards","Jagger",0.243,0.631,0.455,6.51e-05,0.141,-9.942,0.0251,101.881,0.631,27.5,182853,"11.02. 1984","42","04","00","__","__","60","42","44","54","18","—","—","—","—",""
"SHE'S A RAINBOW",1967,"1967","Rolling Stones Chronicles",NA,NA,"3","04:13","Jagger/Richards","Jagger",0.243,0.631,0.455,6.51e-05,0.141,-9.942,0.0251,101.881,0.631,NA,182853,"/ ","/ ","/ ","/ ","10","9","__","—","25","—","—","10","3","9","__",""
"SHE'S SO COLD",1979,"1980","Emotional Rescue","Universal","Studio","9","04:13","Jagger/Richards","Jagger",0.243,0.631,0.455,6.51e-05,0.141,-9.942,0.0251,101.881,0.631,33.3333333333333,182853,"04.10. 1980","33","06","00","__","__","49","33","26","—","23","—","—","11","—",""
"SHINE A LIGHT",1970,"1972","Exile on Main St.","Virgin","Studio","17","04:17","Jagger/Richards","Jagger",0.243,0.631,0.455,6.51e-05,0.141,-9.942,0.0251,101.881,0.631,NA,182853,"/ ","/ ","/ ","/ ","__","__","__","__","__","__","__","__","__","__","__","__"
"SHORT AND CURLIES",1974,"1974","It's Only Rock 'n' Roll","Virgin",NA,"9","02:43","Jagger/Richards","Jagger",0.243,0.631,0.455,6.51e-05,0.141,-9.942,0.0251,101.881,0.631,NA,182853,"/ ","/ ","/ ","/ ","__","__","__","__","__","__","__","__","__","__","__","__"
"SILVER TRAIN",1973,"1973","Goats Head Soup","Interscope / Polydor","Studio","6","04:26","Jagger/Richards","Jagger",0.243,0.631,0.455,6.51e-05,0.141,-9.942,0.0251,101.881,0.631,21.75,182853,"/ ","/ ","/ ","/ ","__","__","__","__","__","__","__","__","__","__","__","__"
"SING THIS ALL TOGETHER",1967,"1967","Their Satanic Majesties Request","ABKCO Records","Studio","1","03:46","Jagger/Richards","Jagger",0.243,0.631,0.455,6.51e-05,0.141,-9.942,0.0251,101.881,0.631,18.3333333333333,182853,"/ ","/ ","/ ","/ ","__","__","__","__","__","__","__","__","__","__","__","__"
"THE SINGER NOT THE SONG",1965,"1965","December's Children (And Everybody's)","ABKCO Records","Studio","5","02:23","Jagger/Richards","Jagger",0.243,0.631,0.455,6.51e-05,0.141,-9.942,0.0251,101.881,0.631,NA,182853,"/ ","/ ","/ ","/ ","__","__","__","__","__","__","__","__","__","__","__","__"
"SISTER MORPHINE",1969,"1971","Sticky Fingers","Virgin","Studio","8","05:34","Jagger/Richards/Marianne Faithfull","Jagger",0.243,0.631,0.455,6.51e-05,0.141,-9.942,0.0251,101.881,0.631,25.6,182853,"/ ","/ ","/ ","/ ","__","__","__","__","__","__","__","__","__","__","__","__"
"SITTIN' ON A FENCE",1965,"1967","Flowers","ABKCO Records",NA,"12","03:02","Jagger/Richards","Jagger",0.243,0.631,0.455,6.51e-05,0.141,-9.942,0.0251,101.881,0.631,NA,182853,"/ ","/ ","/ ","/ ","__","__","__","__","__","__","__","__","__","__","__","__"
"SLAVE",1981,"1981","Tattoo You","Virgin","Studio","3","06:32","Jagger/Richards","Jagger",0.243,0.631,0.455,6.51e-05,0.141,-9.942,0.0251,101.881,0.631,27.5,182853,"/ ","/ ","/ ","/ ","__","__","__","__","__","__","__","__","__","__","__","__"
"SLEEP TONIGHT",1985,"1986","Dirty Work","Virgin","Studio","10","05:13","Jagger/Richards","Jagger",0.243,0.631,0.455,6.51e-05,0.141,-9.942,0.0251,101.881,0.631,17.5,182853,"/ ","/ ","/ ","/ ","__","__","__","__","__","__","__","__","__","__","__","__"
"SLIPPING AWAY",1989,"1989","Stripped","Virgin","Live","10","04:55","Jagger/Richards","Richards",0.243,0.631,0.455,6.51e-05,0.141,-9.942,0.0251,101.881,0.631,16.4285714285714,182853,"/ ","/ ","/ ","/ ","__","__","__","__","__","__","__","__","__","__","__","__"
"SHE NEVER LISTENS TO ME",1985,NA,"bootleg recording/outtake","/","/","/","/","Jagger/Richards","Richards",NA,NA,NA,NA,NA,NA,NA,NA,NA,NA,NA,"/ ","/ ","/ ","/ ","__","__","__","__","__","__","__","__","__","__","__","__"
"SOME GIRLS",1977,"1978","Shine a Light","Interscope","Live","7","04:19","Jagger/Richards","Jagger",0.243,0.631,0.455,6.51e-05,0.141,-9.942,0.0251,101.881,0.631,25.5,182853,"/ ","/ ","/ ","/ ","__","__","__","__","__","__","__","__","__","__","__","__"
"SOME THINGS JUST STICK IN YOUR MIND",1965,"1975","Metamorphosis",NA,"Compilation",NA,NA,"Jagger/Richards","Jagger",NA,NA,NA,NA,NA,NA,NA,NA,NA,NA,NA,"/ ","/ ","/ ","/ ","__","__","__","__","__","__","__","__","__","__","__","__"
"SOMETHING HAPPENED TO ME YESTERDAY",1966,"1967","Between the Buttons","ABKCO Records","Studio","12","04:55","Jagger/Richards","Jagger, Richards",0.243,0.631,0.455,6.51e-05,0.141,-9.942,0.0251,101.881,0.631,NA,182853,"/ ","/ ","/ ","/ ","__","__","__","__","__","__","__","__","__","__","__","__"
"SOUL SURVIVOR",1971,"1972","Exile on Main St.","Virgin","Studio","18","03:49","Jagger/Richards","Jagger",0.243,0.631,0.455,6.51e-05,0.141,-9.942,0.0251,101.881,0.631,18.2,182853,"/ ","/ ","/ ","/ ","__","__","__","__","__","__","__","__","__","__","__","__"
"SPARKS WILL FLY",1993,"1994","Voodoo Lounge","Virgin","Studio","3","03:16","Jagger/Richards","Jagger",0.243,0.631,0.455,6.51e-05,0.141,-9.942,0.0251,101.881,0.631,18.6666666666667,182853,"/ ","/ ","/ ","/ ","__","__","__","—","—","—","—","—","—","57","—","__"
"THE SPIDER AND THE FLY",1965,"1965","Stripped","Virgin","Live","5","03:28","Jagger/Richards","Jagger",0.243,0.631,0.455,6.51e-05,0.141,-9.942,0.0251,101.881,0.631,NA,182853,"/ ","/ ","/ ","/ ","__","__","__","__","__","__","__","__","__","__","__","__"
"STAR STAR",1972,"1973","Goats Head Soup","Interscope / Polydor","Studio","10","04:23","Jagger/Richards","Jagger",0.243,0.631,0.455,6.51e-05,0.141,-9.942,0.0251,101.881,0.631,23.5,182853,"/ ","/ ","/ ","/ ","—","—","__","—","—","32","21","2","7","—","__",""
"START ME UP",1979,"1981","Shine a Light","Interscope","Live","16","04:05","Jagger/Richards","Jagger",0.243,0.631,0.455,6.51e-05,0.141,-9.942,0.0251,101.881,0.631,23.5,182853,"29.08. 1981","07","09","00","__","__","1","7","2","36","5","9","5","2","—","UK: Platinum[17]
ITA: Gold"
"STEWED AND KEEFED (BRIAN'S BLUES)",1964,NA,"bootleg recording/outtake","/","/","/","/","Nanker Phelge/Stewart","Jagger",NA,NA,NA,NA,NA,NA,NA,NA,NA,NA,NA,"/ ","/ ","/ ","/ ","__","__","__","__","__","__","__","__","__","__","__","__"
"STILL A FOOL",1968,NA,"bootleg recording/outtake","/","/","/","/","Muddy Waters","Jagger",NA,NA,NA,NA,NA,NA,NA,NA,NA,NA,NA,"/ ","/ ","/ ","/ ","__","__","__","__","__","__","__","__","__","__","__","__"
"STONED",1963,"1963","B-side of ""I Wanna Be Your Man"" (UK)Singles Collection: The London Years (US)",NA,NA,NA,NA,"Nanker Phelge[a]","instrumental",NA,NA,NA,NA,NA,NA,NA,NA,NA,NA,NA,"/ ","/ ","/ ","/ ","__","__","__","__","__","__","__","__","__","__","__","__"
"STOP BREAKING DOWN",1971,"1972","Exile on Main St.","Virgin","Studio","16","04:34","Robert Johnson","Jagger",0.243,0.631,0.455,6.51e-05,0.141,-9.942,0.0251,101.881,0.631,23,182853,"/ ","/ ","/ ","/ ","__","__","__","__","__","__","__","__","__","__","__","__"
"THE STORM",1993,"1994","The Singles 1971–2006",NA,NA,NA,NA,"Jagger/Richards","Jagger",NA,NA,NA,NA,NA,NA,NA,NA,NA,NA,NA,"/ ","/ ","/ ","/ ","__","__","__","__","__","__","__","__","__","__","__","__"
"STRAY CAT BLUES",1968,"1968","Get Yer Ya-Ya's Out!","ABKCO Records","Live","3","03:46","Jagger/Richards","Jagger",0.243,0.631,0.455,6.51e-05,0.141,-9.942,0.0251,101.881,0.631,19.875,182853,"/ ","/ ","/ ","/ ","__","__","__","__","__","__","__","__","__","__","__","__"
"STREET FIGHTING MAN",1968,"1968","Rolling Stones Chronicles",NA,NA,"4","03:15","Jagger/Richards","Jagger",0.243,0.631,0.455,6.51e-05,0.141,-9.942,0.0251,101.881,0.631,19.3529411764706,182853,"03.07. 1971","21","08","00","30","28","__","—","48","7","8","—","4","32","__",""
"STREETS OF LOVE",2004,"2005","A Bigger Bang","Virgin","Studio","5","05:10","Jagger/Richards","Jagger",0.243,0.631,0.455,6.51e-05,0.141,-9.942,0.0251,101.881,0.631,NA,182853,"/ ","/ ","/ ","/ ","__","__","__","15","—","15","5","—","21","","21","__"
"STRICTLY MEMPHIS",1985,NA,"bootleg recording/outtake","/","/","/","/","Jagger/Richards","Jagger",NA,NA,NA,NA,NA,NA,NA,NA,NA,NA,NA,"/ ","/ ","/ ","/ ","__","__","__","__","__","__","__","__","__","__","__","__"
"STUCK OUT ALL ALONE",1968,NA,"bootleg recording/outtake","/","/","/","/","Jagger/Richards","Jagger",NA,NA,NA,NA,NA,NA,NA,NA,NA,NA,NA,"/ ","/ ","/ ","/ ","__","__","__","__","__","__","__","__","__","__","__","__"
"STUPID GIRL",1965,"1966","Aftermath","ABKCO Records","Studio","2","02:55","Jagger/Richards","Jagger",0.243,0.631,0.455,6.51e-05,0.141,-9.942,0.0251,101.881,0.631,21.6666666666667,182853,"/ ","/ ","/ ","/ ","__","__","__","__","__","__","__","__","__","__","__","__"
"SUCK ON THE JUGULAR",1993,"1994","Voodoo Lounge","Virgin","Studio","11","04:27","Jagger/Richards","Jagger",0.243,0.631,0.455,6.51e-05,0.141,-9.942,0.0251,101.881,0.631,NA,182853,"/ ","/ ","/ ","/ ","__","__","__","__","__","__","__","__","__","__","__","__"
"SUMMER ROMANCE",1979,"1980","Emotional Rescue","Universal","Studio","2","03:16","Jagger/Richards","Jagger",0.243,0.631,0.455,6.51e-05,0.141,-9.942,0.0251,101.881,0.631,21,182853,"/ ","/ ","/ ","/ ","__","__","__","__","__","__","__","__","__","__","__","__"
"SUMMERTIME BLUES",1985,NA,"bootleg recording/outtake","/","/","/","/","Eddie Cochran/Jerry Capehart","Jagger",NA,NA,NA,NA,NA,NA,NA,NA,NA,NA,NA,"/ ","/ ","/ ","/ ","__","__","__","__","__","__","__","__","__","__","__","__"
"SURE THE ONE YOU NEED",1975,NA,"bootleg recording/outtake","/","/","/","/","Jagger/Richards","Richards, Wood",NA,NA,NA,NA,NA,NA,NA,NA,NA,NA,NA,"/ ","/ ","/ ","/ ","__","__","__","__","__","__","__","__","__","__","__","__"
"SURPRISE, SURPRISE",1964,"1965","The Rolling Stones, Now!","ABKCO Records","Studio","12","02:31","Jagger/Richards","Jagger",0.243,0.631,0.455,6.51e-05,0.141,-9.942,0.0251,101.881,0.631,14,182853,"/ ","/ ","/ ","/ ","__","__","__","__","__","__","__","__","__","__","__","__"
"SUSIE Q",1964,"1964","The Rolling Stones No.2","Decca","Studio","12","01:50","Dale Hawkins/Stan Lewis/Eleanore Broadwater","Jagger",0.243,0.631,0.455,6.51e-05,0.141,-9.942,0.0251,101.881,0.631,20.3333333333333,182853,"/ ","/ ","/ ","/ ","__","__","__","__","__","__","__","__","__","__","__","__"
"SWAY",1970,"1971","Sticky Fingers","Virgin","Studio","2","03:53","Jagger/Richards","Jagger",0.243,0.631,0.455,6.51e-05,0.141,-9.942,0.0251,101.881,0.631,29,182853,"/ ","/ ","/ ","/ ","__","__","__","__","__","__","__","__","__","__","__","__"
"SWEET BLACK ANGEL",1971,"1972","Exile on Main St.","Virgin","Studio","8","02:58","Jagger/Richards","Jagger",0.243,0.631,0.455,6.51e-05,0.141,-9.942,0.0251,101.881,0.631,24.6666666666667,182853,"/ ","/ ","/ ","/ ","—","—","__","—","—","—","—","21","—","—","__",""
"SWEET LITTLE SIXTEEN",1978,NA,"bootleg recording/outtake","/","/","/","/","Chuck Berry","Jagger",0.00199,0.272,0.948,0.00404,0.92,-4.756,0.102,171.815,0.819,20,191493,"/ ","/ ","/ ","/ ","__","__","__","__","__","__","__","__","__","__","__","__"
"SWEET NEO CON",2004,"2005","A Bigger Bang","Virgin","Studio","13","04:33","Jagger/Richards","Jagger",0.243,0.631,0.455,6.51e-05,0.141,-9.942,0.0251,101.881,0.631,20,182853,"/ ","/ ","/ ","/ ","__","__","__","__","__","__","__","__","__","__","__","__"
"SWEET VIRGINIA",1971,"1972","Exile on Main St.","Virgin","Studio","6","04:26","Jagger/Richards","Jagger",0.243,0.631,0.455,6.51e-05,0.141,-9.942,0.0251,101.881,0.631,21.7,182853,"/ ","/ ","/ ","/ ","__","__","__","__","__","__","__","__","__","__","__","__"
"SWEETHEARTS TOGETHER",1993,"1994","Voodoo Lounge","Virgin","Studio","10","04:45","Jagger/Richards","Jagger",0.243,0.631,0.455,6.51e-05,0.141,-9.942,0.0251,101.881,0.631,30,182853,"/ ","/ ","/ ","/ ","__","__","__","__","__","__","__","__","__","__","__","__"
"SYMPATHY FOR THE DEVIL",1968,"1968","Get Yer Ya-Ya's Out!","ABKCO Records","Live","6","06:51","Jagger/Richards","Jagger",0.243,0.631,0.455,6.51e-05,0.141,-9.942,0.0251,101.881,0.631,NA,182853,"13.09. 2003","14","07","00","—","—","__","—","—","—","—","—","—","—","__","GER: Gold
UK: Platinum[17]"
"TAKE IT OR LEAVE IT",1965,"1966","Flowers","ABKCO Records",NA,"10","02:47","Jagger/Richards","Jagger",0.243,0.631,0.455,6.51e-05,0.141,-9.942,0.0251,101.881,0.631,NA,182853,"/ ","/ ","/ ","/ ","__","__","__","__","__","__","__","__","__","__","__","__"
"TALKIN' ABOUT YOU",1965,"1965","December's Children (And Everybody's)","ABKCO Records","Studio","2","02:31","Chuck Berry","Jagger",0.243,0.631,0.455,6.51e-05,0.141,-9.942,0.0251,101.881,0.631,10.5,182853,"/ ","/ ","/ ","/ ","__","__","__","__","__","__","__","__","__","__","__","__"
"TELL ME",1964,"1964","The Rolling Stones (UK)England's Newest Hit Makers (US)",NA,NA,NA,NA,"Jagger/Richards","Jagger",0.243,0.631,0.455,6.51e-05,0.141,-9.942,0.0251,101.881,0.631,18.6666666666667,182853,"/ ","/ ","/ ","/ ","27","26","__","—","24","22","11","—","—","9","__",""
"TERRIFYING",1989,"1989","Steel Wheels","Virgin","Studio","3","04:53","Jagger/Richards","Jagger",0.243,0.631,0.455,6.51e-05,0.141,-9.942,0.0251,101.881,0.631,20.6666666666667,182853,"11.08. 1990","82","02","00","__","__","—","82","—","—","58","—","—","—","—",""
"THAT'S HOW STRONG MY LOVE IS",1965,"1965","Out of Our Heads","ABKCO Records","Studio","4","02:25","Roosevelt Jamison","Jagger",0.243,0.631,0.455,6.51e-05,0.141,-9.942,0.0251,101.881,0.631,13.6666666666667,182853,"/ ","/ ","/ ","/ ","__","__","__","__","__","__","__","__","__","__","__","__"
"THIEF IN THE NIGHT",1997,"1997","No Security","Virgin","Live","12","05:37","Jagger/Richards/Pierre de Beauport","Richards",0.243,0.631,0.455,6.51e-05,0.141,-9.942,0.0251,101.881,0.631,NA,182853,"/ ","/ ","/ ","/ ","__","__","__","__","__","__","__","__","__","__","__","__"
"THINK",1965,"1966","Aftermath","ABKCO Records","Studio","6","03:10","Jagger/Richards","Jagger",0.243,0.631,0.455,6.51e-05,0.141,-9.942,0.0251,101.881,0.631,18.6666666666667,182853,"/ ","/ ","/ ","/ ","__","__","__","__","__","__","__","__","__","__","__","__"
"THIS PLACE IS EMPTY",2004,"2005","A Bigger Bang","Virgin","Studio","9","03:16","Jagger/Richards","Richards",0.243,0.631,0.455,6.51e-05,0.141,-9.942,0.0251,101.881,0.631,21,182853,"/ ","/ ","/ ","/ ","__","__","__","__","__","__","__","__","__","__","__","__"
"THROUGH THE LONELY NIGHTS",1973,"1974","Rarities 1971–2003",NA,"Compilation",NA,NA,"Jagger/Richards","Jagger",NA,NA,NA,NA,NA,NA,NA,NA,NA,NA,NA,"/ ","/ ","/ ","/ ","__","__","__","__","__","__","__","__","__","__","__","__"
"THRU AND THRU",1993,"1994","Voodoo Lounge","Virgin","Studio","14","06:15","Jagger/Richards","Richards",0.243,0.631,0.455,6.51e-05,0.141,-9.942,0.0251,101.881,0.631,38,182853,"/ ","/ ","/ ","/ ","__","__","__","__","__","__","__","__","__","__","__","__"
"TIE YOU UP (THE PAIN OF LOVE)",1982,"1983","Undercover","Universal","Studio","3","04:16","Jagger/Richards","Jagger",0.243,0.631,0.455,6.51e-05,0.141,-9.942,0.0251,101.881,0.631,NA,182853,"/ ","/ ","/ ","/ ","__","__","__","__","__","__","__","__","__","__","__","__"
"TILL THE NEXT GOODBYE",1973,"1974","It's Only Rock 'n' Roll","Virgin",NA,"4","04:36","Jagger/Richards","Jagger",0.243,0.631,0.455,6.51e-05,0.141,-9.942,0.0251,101.881,0.631,NA,182853,"/ ","/ ","/ ","/ ","__","__","__","__","__","__","__","__","__","__","__","__"
"TIME IS ON MY SIDE",1964,"1964","Got Live If You Want It!","ABKCO Records / Universal","Live","9","02:49","Norman Meade/Jimmy Norman","Jagger",0.243,0.631,0.455,6.51e-05,0.141,-9.942,0.0251,101.881,0.631,NA,182853,"02.10. 1982","62","02","00","6","28","__","—","6","10","11","4","3","—","__",""
"TIME WAITS FOR NO ONE",1973,"1974","It's Only Rock 'n' Roll","Virgin",NA,"5","06:38","Jagger/Richards","Jagger",0.243,0.631,0.455,6.51e-05,0.141,-9.942,0.0251,101.881,0.631,NA,182853,"/ ","/ ","/ ","/ ","__","__","__","__","__","__","__","__","__","__","__","__"
"TOO MUCH BLOOD",1982,"1983","Undercover","Universal","Studio","6","06:14","Jagger/Richards","Jagger",0.243,0.631,0.455,6.51e-05,0.141,-9.942,0.0251,101.881,0.631,29,182853,"/ ","/ ","/ ","/ ","__","__","—","—","—","—","—","—","—","—","—",""
"TOO RUDE",1985,"1986","Dirty Work","Virgin","Studio","5","03:13","Lindon Roberts","Richards",0.243,0.631,0.455,6.51e-05,0.141,-9.942,0.0251,101.881,0.631,18,182853,"/ ","/ ","/ ","/ ","__","__","__","__","__","__","__","__","__","__","__","__"
"TOO TIGHT",1997,"1997","Bridges to Babylon","Virgin","Studio","11","03:37","Jagger/Richards","Jagger",0.243,0.631,0.455,6.51e-05,0.141,-9.942,0.0251,101.881,0.631,24.5,182853,"/ ","/ ","/ ","/ ","__","__","__","__","__","__","__","__","__","__","__","__"
"TOO TOUGH",1982,"1983","Undercover","Universal","Studio","8","03:51","Jagger/Richards","Jagger",0.243,0.631,0.455,6.51e-05,0.141,-9.942,0.0251,101.881,0.631,17,182853,"/ ","/ ","/ ","/ ","__","__","—","—","—","—","—","—","—","—","—",""
"TOPS",1979,"1981","Tattoo You","Virgin","Studio","8","03:47","Jagger/Richards","Jagger",0.243,0.631,0.455,6.51e-05,0.141,-9.942,0.0251,101.881,0.631,25.5,182853,"/ ","/ ","/ ","/ ","__","__","__","__","__","__","__","__","__","__","__","__"
"TORN AND FRAYED",1971,"1972","Exile on Main St.","Virgin","Studio","7","04:18","Jagger/Richards","Jagger, Richards",0.243,0.631,0.455,6.51e-05,0.141,-9.942,0.0251,101.881,0.631,NA,182853,"/ ","/ ","/ ","/ ","__","__","__","__","__","__","__","__","__","__","__","__"
"TRIED TO TALK HER INTO IT",1982,NA,"bootleg recording/outtake","/","/","/","/","Jagger/Richards","Jagger",NA,NA,NA,NA,NA,NA,NA,NA,NA,NA,NA,"/ ","/ ","/ ","/ ","__","__","__","__","__","__","__","__","__","__","__","__"
"TRY A LITTLE HARDER",1964,"1975","Metamorphosis",NA,"Compilation",NA,NA,"Jagger/Richards","Jagger",NA,NA,NA,NA,NA,NA,NA,NA,NA,NA,NA,"/ ","/ ","/ ","/ ","__","__","__","__","__","__","__","__","__","__","__","__"
"TUMBLING DICE",1971,"1972","Exile on Main St.","Virgin","Studio","5","03:47","Jagger/Richards","Jagger",0.243,0.631,0.455,6.51e-05,0.141,-9.942,0.0251,101.881,0.631,21.5454545454545,182853,"29.04. 1972","05","08","00","10","4","__","5","7","17","5","—","—","7","__",""
"TURD ON THE RUN",1971,"1972","Exile on Main St.","Virgin","Studio","11","02:38","Jagger/Richards","Jagger",0.243,0.631,0.455,6.51e-05,0.141,-9.942,0.0251,101.881,0.631,NA,182853,"/ ","/ ","/ ","/ ","__","__","__","__","__","__","__","__","__","__","__","__"
"TWENTY FLIGHT ROCK (LIVE)",1981,"1982","Still Life","Virgin","Live","5","01:48","Eddie Cochran/Nelda Fairchild","Jagger",NA,NA,NA,NA,NA,NA,NA,NA,NA,NA,NA,"/ ","/ ","/ ","/ ","__","__","__","__","__","__","__","__","__","__","__","__"
"THE UNDER ASSISTANT WEST COAST PROMOTION MAN",1965,"1965","Out of Our Heads","ABKCO Records","Studio","9","03:07","Nanker Phelge[a]","Jagger",0.243,0.631,0.455,6.51e-05,0.141,-9.942,0.0251,101.881,0.631,11.75,182853,"/ ","/ ","/ ","/ ","__","__","__","__","__","__","__","__","__","__","__","__"
"UNDER MY THUMB",1966,"1966","Got Live If You Want It!","ABKCO Records / Universal","Live","1","02:54","Jagger/Richards","Jagger",0.243,0.631,0.455,6.51e-05,0.141,-9.942,0.0251,101.881,0.631,26.1111111111111,182853,"/ ","/ ","/ ","/ ","__","__","__","__","__","__","__","__","__","__","__","__"
"UNDER THE BOARDWALK",1964,"1964","The Rolling Stones No.2","Decca","Studio","8","02:46","Kenny Young/Arthur Rednick","Jagger",0.243,0.631,0.455,6.51e-05,0.141,-9.942,0.0251,101.881,0.631,NA,182853,"/ ","/ ","/ ","/ ","—","—","__","—","—","—","—","—","—","—","__",""
"UNDERCOVER OF THE NIGHT",1982,"1983","Undercover","Universal","Studio","1","04:33","Jagger/Richards","Jagger",NA,NA,NA,NA,NA,NA,NA,NA,NA,NA,NA,"12.11. 1983","11","11","00","__","__","27","11","9","20","4","13","18","14","20",""
"UPTIGHT (EVERYTHING'S ALRIGHT)",1972,NA,"bootleg recording/outtake","/","/","/","/","Stevie Wonder/Sylvia Moy/Henry Cosby","Stevie Wonder, Jagger",NA,NA,NA,NA,NA,NA,NA,NA,NA,NA,NA,"/ ","/ ","/ ","/ ","__","__","__","__","__","__","__","__","__","__","__","__"
"VENTILATOR BLUES",1971,"1972","Exile on Main St.","Virgin","Studio","12","03:24","Jagger/Richards/Taylor","Jagger",0.243,0.631,0.455,6.51e-05,0.141,-9.942,0.0251,101.881,0.631,27,182853,"/ ","/ ","/ ","/ ","__","__","__","__","__","__","__","__","__","__","__","__"
"WAITING ON A FRIEND",1972,"1981","No Security","Virgin","Live","8","04:52","Jagger/Richards","Jagger",0.243,0.631,0.455,6.51e-05,0.141,-9.942,0.0251,101.881,0.631,NA,182853,"12.12. 1981","50","06","00","__","__","44","50","13","—","17","—","—","10","—",""
"(WALKIN' THRU THE) SLEEPY CITY",1964,"1975","Metamorphosis",NA,"Compilation",NA,NA,"Jagger/Richards","Jagger",NA,NA,NA,NA,NA,NA,NA,NA,NA,NA,NA,"/ ","/ ","/ ","/ ","__","__","__","__","__","__","__","__","__","__","__","__"
"WALKING THE DOG",1964,"1964","The Rolling Stones (UK)England's Newest Hit Makers (US)",NA,NA,NA,NA,"Rufus Thomas","Jagger",0.243,0.631,0.455,6.51e-05,0.141,-9.942,0.0251,101.881,0.631,NA,182853,"/ ","/ ","/ ","/ ","__","__","__","__","__","__","__","__","__","__","__","__"
"WANNA HOLD YOU",1982,"1983","Undercover","Universal","Studio","4","03:52","Jagger/Richards","Richards",0.243,0.631,0.455,6.51e-05,0.141,-9.942,0.0251,101.881,0.631,16.75,182853,"/ ","/ ","/ ","/ ","__","__","__","__","__","__","__","__","__","__","__","__"
"WE LOVE YOU",1967,"1967","Non-album single",NA,NA,NA,NA,"Jagger/Richards","Jagger",NA,NA,NA,NA,NA,NA,NA,NA,NA,NA,NA,"/ ","/ ","/ ","/ ","—","—","__","8","—","2","1","10","—","—","__",""
"WE'RE WASTIN' TIME",1964,"1975","Metamorphosis",NA,"Compilation",NA,NA,"Jagger/Richards","Jagger",NA,NA,NA,NA,NA,NA,NA,NA,NA,NA,NA,"/ ","/ ","/ ","/ ","__","__","__","__","__","__","__","__","__","__","__","__"
"WHAT A SHAME",1964,"1965","The Rolling Stones, Now!","ABKCO Records","Studio","5","03:06","Jagger/Richards","Jagger",0.243,0.631,0.455,6.51e-05,0.141,-9.942,0.0251,101.881,0.631,NA,182853,"/ ","/ ","/ ","/ ","__","__","__","__","__","__","__","__","__","__","__","__"
"WHAT TO DO",1965,"1966","Aftermath (UK)More Hot Rocks (Big Hits & Fazed Cookies) (US)",NA,NA,NA,NA,"Jagger/Richards","Jagger",0.243,0.631,0.455,6.51e-05,0.141,-9.942,0.0251,101.881,0.631,NA,182853,"/ ","/ ","/ ","/ ","__","__","__","__","__","__","__","__","__","__","__","__"
"WHEN THE WHIP COMES DOWN",1977,"1978","Some Girls","Universal","Studio","2","04:20","Jagger/Richards","Jagger",0.243,0.631,0.455,6.51e-05,0.141,-9.942,0.0251,101.881,0.631,NA,182853,"/ ","/ ","/ ","/ ","__","__","__","__","__","__","__","__","__","__","__","__"
"WHERE THE BOYS GO",1979,"1980","Emotional Rescue","Universal","Studio","6","03:29","Jagger/Richards","Jagger",0.243,0.631,0.455,6.51e-05,0.141,-9.942,0.0251,101.881,0.631,NA,182853,"/ ","/ ","/ ","/ ","__","__","__","__","__","__","__","__","__","__","__","__"
"WHO'S BEEN SLEEPING HERE",1966,"1967","Between the Buttons","ABKCO Records","Studio",NA,NA,"Jagger/Richards","Jagger",NA,NA,NA,NA,NA,NA,NA,NA,NA,NA,NA,"/ ","/ ","/ ","/ ","__","__","__","__","__","__","__","__","__","__","__","__"
"WHO'S DRIVING YOUR PLANE?",1966,"1966","No Stone Unturned (UK)Singles Collection: The London Years (US)",NA,NA,NA,NA,"Jagger/Richards","Jagger",NA,NA,NA,NA,NA,NA,NA,NA,NA,NA,NA,"/ ","/ ","/ ","/ ","__","__","__","__","__","__","__","__","__","__","__","__"
"WILD HORSES",1969,"1971","Sticky Fingers","Virgin","Studio","3","05:44","Jagger/Richards","Jagger",0.243,0.631,0.455,6.51e-05,0.141,-9.942,0.0251,101.881,0.631,30.5384615384615,182853,"/ ","/ ","/ ","/ ","18","21","__","—","28","—","—","—","—","11","__","UK: Gold[17]"
"WINNING UGLY",1985,"1986","Dirty Work","Virgin","Studio","6","04:32","Jagger/Richards","Jagger",0.243,0.631,0.455,6.51e-05,0.141,-9.942,0.0251,101.881,0.631,18,182853,"/ ","/ ","/ ","/ ","__","__","—","—","—","—","—","—","—","—","—",""
"WINTER",1972,"1973","Goats Head Soup","Interscope / Polydor","Studio","8","05:29","Jagger/Richards","Jagger",0.243,0.631,0.455,6.51e-05,0.141,-9.942,0.0251,101.881,0.631,28.3333333333333,182853,"/ ","/ ","/ ","/ ","__","__","__","__","__","__","__","__","__","__","__","__"
"WISH I'D NEVER MET YOU",1989,"1990","Rarities 1971–2003",NA,"Compilation",NA,NA,"Jagger/Richards","Jagger",NA,NA,NA,NA,NA,NA,NA,NA,NA,NA,NA,"/ ","/ ","/ ","/ ","__","__","__","__","__","__","__","__","__","__","__","__"
"WORRIED ABOUT YOU",1974,"1981","Tattoo You","Virgin","Studio","7","05:17","Jagger/Richards","Jagger",0.243,0.631,0.455,6.51e-05,0.141,-9.942,0.0251,101.881,0.631,21.1428571428571,182853,"/ ","/ ","/ ","/ ","__","__","__","__","__","__","__","__","__","__","__","__"
"THE WORST",1993,"1994","Voodoo Lounge","Virgin","Studio","4","02:24","Jagger/Richards","Richards",0.243,0.631,0.455,6.51e-05,0.141,-9.942,0.0251,101.881,0.631,15,182853,"/ ","/ ","/ ","/ ","__","__","__","__","__","__","__","__","__","__","__","__"
"YESTERDAY'S PAPERS",1966,"1967","Between the Buttons","ABKCO Records","Studio","2","02:05","Jagger/Richards","Jagger",0.243,0.631,0.455,6.51e-05,0.141,-9.942,0.0251,101.881,0.631,12.75,182853,"/ ","/ ","/ ","/ ","__","__","__","__","__","__","__","__","__","__","__","__"
"YOU BETTER MOVE ON",1963,"1964","December's Children (And Everybody's)","ABKCO Records","Studio","3","02:40","Arthur Alexander","Jagger",0.243,0.631,0.455,6.51e-05,0.141,-9.942,0.0251,101.881,0.631,14,182853,"/ ","/ ","/ ","/ ","—","—","__","—","—","—","—","—","—","—","__",""
"YOU CAN'T ALWAYS GET WHAT YOU WANT",1968,"1969","Let It Bleed","ABKCO Records","Studio","9","07:28","Jagger/Richards","Jagger",0.243,0.631,0.455,6.51e-05,0.141,-9.942,0.0251,101.881,0.631,23.4666666666667,182853,"/ ","/ ","/ ","/ ","34","36","__","—","42","—","—","—","—","—","__",""
"YOU CAN'T CATCH ME",1964,"1965","The Rolling Stones, Now!","ABKCO Records","Studio","3","03:40","Chuck Berry","Jagger",0.243,0.631,0.455,6.51e-05,0.141,-9.942,0.0251,101.881,0.631,16.6666666666667,182853,"/ ","/ ","/ ","/ ","__","__","__","__","__","__","__","__","__","__","__","__"
"YOU CAN MAKE IT IF YOU TRY",1964,"1964","The Rolling Stones (UK)England's Newest Hit Makers (US)",NA,NA,NA,NA,"Ted Jarrett","Jagger",0.243,0.631,0.455,6.51e-05,0.141,-9.942,0.0251,101.881,0.631,13.6666666666667,182853,"/ ","/ ","/ ","/ ","__","__","__","__","__","__","__","__","__","__","__","__"
"YOU DON'T HAVE TO MEAN IT",1997,"1997","Bridges to Babylon","Virgin","Studio","6","03:43","Jagger/Richards","Richards",0.243,0.631,0.455,6.51e-05,0.141,-9.942,0.0251,101.881,0.631,NA,182853,"/ ","/ ","/ ","/ ","__","__","__","__","__","__","__","__","__","__","__","__"
"YOU GOT ME ROCKING",1993,"1994","No Security","Virgin","Live","2","03:28","Jagger/Richards","Jagger",0.243,0.631,0.455,6.51e-05,0.141,-9.942,0.0251,101.881,0.631,20.4444444444444,182853,"08.10. 1994","23","03","00","__","__","__","23","—","—","39","—","—","29","32","__"
"YOU GOT THE SILVER",1969,"1969","Let It Bleed","ABKCO Records","Studio","7","02:50","Jagger/Richards","Richards",0.243,0.631,0.455,6.51e-05,0.141,-9.942,0.0251,101.881,0.631,NA,182853,"/ ","/ ","/ ","/ ","__","__","__","__","__","__","__","__","__","__","__","__"
"YOU GOTTA MOVE",1969,"1971","Sticky Fingers","Virgin","Studio","5","02:33","Fred McDowell/Gary Davis","Jagger",0.243,0.631,0.455,6.51e-05,0.141,-9.942,0.0251,101.881,0.631,20.7142857142857,182853,"/ ","/ ","/ ","/ ","__","__","__","__","__","__","__","__","__","__","__","__"
"YOU SHOULD HAVE SEEN HER ASS",1972,"1972","bootleg recording/outtake","/","/","/","/","Jagger/Richards","Jagger",NA,NA,NA,NA,NA,NA,NA,NA,NA,NA,NA,"/ ","/ ","/ ","/ ","__","__","__","__","__","__","__","__","__","__","__","__"
